Cód. Ordem,Cód. Recurso,Cód. Produto,Qtd. Produzida,Qtd. Refugada,Qtd. Retrabalhada,Fator Un.,Cód. Un.,Descrição da massa (Composto),Consumo de massa no item em (Kg/100pçs),Manutencao
2668613,IJ-120,SA07023,3,0,0,1,PC,N148/18,0.45,376
2668613,IJ-120,SA07023,229,0,0,1,PC,N148/18,0.45,376
2669068,IJ-120,SA07380,377,1,0,1,PC,N148/18,0.53,376
2669068,IJ-120,SA07380,9,0,0,1,PC,N148/18,0.53,376
2669068,IJ-120,SA07380,390,6,0,1,PC,N148/18,0.53,375
2669094,IJ-120,SA02420,358,21,0,1,PC,N148/18,0.235,375
2669094,IJ-120,SA02420,584,27,0,1,PC,N148/18,0.235,375
2669094,IJ-120,SA02420,161,6,0,1,PC,N148/18,0.235,375
2669094,IJ-120,SA02420,226,1,0,1,PC,N148/18,0.235,374
2669206,IJ-120,SA13359,651,0,0,1,PC,N146/9,0.59,374
2669206,IJ-120,SA13359,265,5,0,1,PC,N146/9,0.59,374
2667834,IJ-120,SA08385,16,0,0,1,PC,N-142/67,4.93,372
2667834,IJ-120,SA08385,329,0,0,1,PC,N-142/67,4.93,372
2667834,IJ-120,SA08385,276,0,0,1,PC,N-142/67,4.93,372
2667875,IJ-120,SA01923,80,19,0,1,PC,N148/18,1.54,372
2667875,IJ-120,SA01923,1,0,0,1,PC,N148/18,1.54,372
2669206,IJ-120,SA13359,6,0,0,1,PC,N146/9,0.59,372
2667834,IJ-120,SA08385,510,0,0,1,PC,N-142/67,4.93,371
2667834,IJ-120,SA08385,475,18,0,1,PC,N-142/67,4.93,371
2667834,IJ-120,SA08385,225,29,0,1,PC,N-142/67,4.93,370
2667834,IJ-120,SA08385,39,0,0,1,PC,N-142/67,4.93,370
2667834,IJ-120,SA08385,-6,19,0,1,PC,N-142/67,4.93,370
2667834,IJ-120,SA08385,46,0,0,1,PC,N-142/67,4.93,369
2667834,IJ-120,SA08385,404,33,0,1,PC,N-142/67,4.93,369
2667834,IJ-120,SA08385,15,0,0,1,PC,N-142/67,4.93,368
2669424,IJ-120,SA07312,244,0,0,1,PC,N-142/67,1.645,368
2669424,IJ-120,SA07312,18,0,0,1,PC,N-142/67,1.645,368
2654934,IJ-120,SA08385,528,3,0,1,PC,N-142/67,4.93,367
2654934,IJ-120,SA08385,305,8,0,1,PC,N-142/67,4.93,367
2654934,IJ-120,SA08385,532,0,0,1,PC,N-142/67,4.93,367
2654934,IJ-120,SA08385,176,1,0,1,PC,N-142/67,4.93,366
2668887,IJ-120,SA08395,25,6,0,1,PC,N-142/67,2.869,366
2668887,IJ-120,SA08395,235,0,0,1,PC,N-142/67,2.869,366
2669498,IJ-120,SA07686,294,0,0,1,PC,N-142/67,1.42,366
2669498,IJ-120,SA07686,17,0,0,1,PC,N-142/67,1.42,366
2669498,IJ-120,SA07686,46,0,0,1,PC,N-142/67,1.42,365
2669498,IJ-120,SA07686,502,11,0,1,PC,N-142/67,1.42,365
2669684,IJ-120,SA07321,-4,4,0,1,PC,N148/18,1.9,365
2669684,IJ-120,SA07321,292,0,0,1,PC,N148/18,1.9,365
2669684,IJ-120,SA07321,344,17,0,1,PC,N148/18,1.9,365
2669684,IJ-120,SA07321,252,9,0,1,PC,N148/18,1.9,363
2669684,IJ-120,SA07321,26,0,0,1,PC,N148/18,1.9,363
2669684,IJ-120,SA07321,352,9,0,1,PC,N148/18,1.9,362
2669684,IJ-120,SA07321,252,0,0,1,PC,N148/18,1.9,362
2669684,IJ-120,SA07321,565,11,0,1,PC,N148/18,1.9,362
2667995,IJ-120,SA08399,317,3,0,1,PC,N-142/67,1.81,361
2667995,IJ-120,SA08399,236,16,0,1,PC,N-142/67,1.81,361
2669066,IJ-120,SA05590,1,0,0,1,PC,F403/32,2.506,361
2669066,IJ-120,SA05590,23,39,0,1,PC,F403/32,2.506,361
2669684,IJ-120,SA07321,2,4,0,1,PC,N148/18,1.9,361
2667995,IJ-120,SA08399,316,10,0,1,PC,N-142/67,1.81,360
2667995,IJ-120,SA08399,515,21,0,1,PC,N-142/67,1.81,360
2667995,IJ-120,SA08399,578,9,0,1,PC,N-142/67,1.81,360
2670173,IJ-120,SA05058,496,14,0,1,PC,N148/18,0.34,359
2670173,IJ-120,SA05058,382,4,0,1,PC,N148/18,0.34,359
2670173,IJ-120,SA05058,103,0,0,1,PC,N148/18,0.34,359
2670173,IJ-120,SA05058,390,36,0,1,PC,N148/18,0.34,359
2670173,IJ-120,SA05058,180,0,0,1,PC,N148/18,0.34,358
2670559,IJ-120,SA12797,111,13,0,1,PC,F424/40,0.875,358
2670559,IJ-120,SA12797,111,0,0,1,PC,F424/40,0.875,358
2670559,IJ-120,SA12797,358,11,0,1,PC,F424/40,0.875,358
2670559,IJ-120,SA12797,300,22,0,1,PC,F424/40,0.875,358
2670559,IJ-120,SA12797,227,0,0,1,PC,F424/40,0.875,356
2670657,IJ-120,SA07686,34,14,0,1,PC,N-142/67,1.42,356
2670616,IJ-120,SA02262,78,17,0,1,PC,N148/18,0.52,355
2670616,IJ-120,SA02262,15,31,0,1,PC,N148/18,0.52,355
2670616,IJ-120,SA02262,586,0,0,1,PC,N148/18,0.52,355
2670657,IJ-120,SA07686,446,4,0,1,PC,N-142/67,1.42,355
2670616,IJ-120,SA02262,230,28,0,1,PC,N148/18,0.52,354
2670616,IJ-120,SA02262,512,24,0,1,PC,N148/18,0.52,354
2670616,IJ-120,SA02262,151,7,0,1,PC,N148/18,0.52,353
2670616,IJ-120,SA02262,188,0,0,1,PC,N148/18,0.52,353
2670616,IJ-120,SA02262,114,0,0,1,PC,N148/18,0.52,353
2670616,IJ-120,SA02262,8,0,0,1,PC,N148/18,0.52,353
2670616,IJ-120,SA02262,439,37,0,1,PC,N148/18,0.52,353
2670616,IJ-120,SA02262,361,15,0,1,PC,N148/18,0.52,352
2670616,IJ-120,SA02262,512,37,0,1,PC,N148/18,0.52,352
2670616,IJ-120,SA02262,481,4,0,1,PC,N148/18,0.52,352
2670616,IJ-120,SA02262,452,8,0,1,PC,N148/18,0.52,351
2671127,IJ-120,SA10498,72,0,0,1,PC,N148/18,1.537,351
2671127,IJ-120,SA10498,357,2,0,1,PC,N148/18,1.537,351
2671127,IJ-120,SA10498,1,0,0,1,PC,N148/18,1.537,351
2671127,IJ-120,SA10498,486,3,0,1,PC,N148/18,1.537,351
2671127,IJ-120,SA10498,245,5,0,1,PC,N148/18,1.537,349
2671127,IJ-120,SA10498,10,0,0,1,PC,N148/18,1.537,349
2671127,IJ-120,SA10498,31,0,0,1,PC,N148/18,1.537,348
2671127,IJ-120,SA10498,116,0,0,1,PC,N148/18,1.537,348
2671127,IJ-120,SA10498,634,0,0,1,PC,N148/18,1.537,348
2671220,IJ-120,SA01923,90,6,0,1,PC,N148/18,1.54,348
2671224,IJ-120,SA02103,238,0,0,1,PC,N148/18,0.675,348
2671224,IJ-120,SA02103,438,10,0,1,PC,N148/18,0.675,348
2671220,IJ-120,SA01923,310,5,0,1,PC,N148/18,1.54,347
2671220,IJ-120,SA01923,251,0,0,1,PC,N148/18,1.54,347
2671220,IJ-120,SA01923,135,8,0,1,PC,N148/18,1.54,347
2671220,IJ-120,SA01923,367,0,0,1,PC,N148/18,1.54,346
2671220,IJ-120,SA01923,548,0,0,1,PC,N148/18,1.54,346
2671220,IJ-120,SA01923,561,2,0,1,PC,N148/18,1.54,346
2670660,IJ-120,SA01366,349,8,0,1,PC,N148/18,0.38,345
2670660,IJ-120,SA01366,543,13,0,1,PC,N148/18,0.38,345
2670660,IJ-120,SA01366,123,0,0,1,PC,N148/18,0.38,345
2671220,IJ-120,SA01923,103,0,0,1,PC,N148/18,1.54,345
2671538,IJ-120,SA01834,257,1,0,1,PC,N148/18,0.6,345
2670660,IJ-120,SA01366,474,12,0,1,PC,N148/18,0.38,344
2671526,IJ-120,SA02374,355,0,0,1,PC,N148/18,0.298,344
2671526,IJ-120,SA02374,513,16,0,1,PC,N148/18,0.298,344
2671526,IJ-120,SA02374,31,0,0,1,PC,N148/18,0.298,344
2671526,IJ-120,SA02374,534,0,0,1,PC,N148/18,0.298,343
2671526,IJ-120,SA02374,510,0,0,1,PC,N148/18,0.298,343
2671526,IJ-120,SA02374,230,2,0,1,PC,N148/18,0.298,342
2671526,IJ-120,SA02374,29,0,0,1,PC,N148/18,0.298,342
2671538,IJ-120,SA01834,375,2,0,1,PC,N148/18,0.6,341
2671538,IJ-120,SA01834,198,21,0,1,PC,N148/18,0.6,341
2671647,IJ-120,SA00946,276,12,0,1,PC,N148/18,0.975,341
2671647,IJ-120,SA00946,252,6,0,1,PC,N148/18,0.975,341
2671538,IJ-120,SA01834,187,15,0,1,PC,N148/18,0.6,340
2671538,IJ-120,SA01834,623,0,0,1,PC,N148/18,0.6,340
2671762,IJ-120,SA07126,151,9,0,1,PC,N148/18,0.555,340
2671762,IJ-120,SA07126,216,30,0,1,PC,N148/18,0.555,340
2671763,IJ-120,SA00049,111,5,0,1,PC,N-142/67,0.46,340
2671763,IJ-120,SA00049,298,17,0,1,PC,N-142/67,0.46,339
2671763,IJ-120,SA00049,475,34,0,1,PC,N-142/67,0.46,339
2671763,IJ-120,SA00049,7,0,0,1,PC,N-142/67,0.46,339
2671763,IJ-120,SA00049,507,39,0,1,PC,N-142/67,0.46,339
2671762,IJ-120,SA07126,307,13,0,1,PC,N148/18,0.555,338
2671762,IJ-120,SA07126,495,26,0,1,PC,N148/18,0.555,338
2671762,IJ-120,SA07126,449,19,0,1,PC,N148/18,0.555,338
2671763,IJ-120,SA00049,94,5,0,1,PC,N-142/67,0.46,338
2671762,IJ-120,SA07126,274,6,0,1,PC,N148/18,0.555,337
2671762,IJ-120,SA07126,520,3,0,1,PC,N148/18,0.555,337
2671762,IJ-120,SA07126,566,26,0,1,PC,N148/18,0.555,337
2670827,IJ-120,SA07372,345,0,0,1,PC,N-142/67,3.196,336
2670827,IJ-120,SA07372,101,12,0,1,PC,N-142/67,3.196,336
2671762,IJ-120,SA07126,252,0,0,1,PC,N148/18,0.555,336
2670827,IJ-120,SA07372,187,6,0,1,PC,N-142/67,3.196,335
2670827,IJ-120,SA07372,35,0,0,1,PC,N-142/67,3.196,335
2670827,IJ-120,SA07372,4,0,0,1,PC,N-142/67,3.196,335
2670827,IJ-120,SA07372,28,0,0,1,PC,N-142/67,3.196,334
2672019,IJ-120,SA00504,39,0,0,1,PC,N148/18,1.06,334
2672019,IJ-120,SA00504,613,6,0,1,PC,N148/18,1.06,334
2672019,IJ-120,SA00504,485,11,0,1,PC,N148/18,1.06,334
2672022,IJ-120,SA01535,276,15,0,1,PC,N148/18,0.41,334
2672022,IJ-120,SA01535,129,23,0,1,PC,N148/18,0.41,333
2672022,IJ-120,SA01535,149,0,0,1,PC,N148/18,0.41,333
2672022,IJ-120,SA01535,486,15,0,1,PC,N148/18,0.41,333
2672022,IJ-120,SA01535,609,2,0,1,PC,N148/18,0.41,333
2672022,IJ-120,SA01535,359,2,0,1,PC,N148/18,0.41,332
2672022,IJ-120,SA01535,463,32,0,1,PC,N148/18,0.41,332
2672022,IJ-120,SA01535,290,5,0,1,PC,N148/18,0.41,332
2670245,IJ-120,SA08400,252,2,0,1,PC,N148/18,0.55,331
2672022,IJ-120,SA01535,487,10,0,1,PC,N148/18,0.41,331
2672022,IJ-120,SA01535,605,0,0,1,PC,N148/18,0.41,331
2670245,IJ-120,SA08400,260,0,0,1,PC,N148/18,0.55,330
2670245,IJ-120,SA08400,499,3,0,1,PC,N148/18,0.55,330
2670245,IJ-120,SA08400,535,30,0,1,PC,N148/18,0.55,330
2670245,IJ-120,SA08400,182,8,0,1,PC,N148/18,0.55,328
2670245,IJ-120,SA08400,36,0,0,1,PC,N148/18,0.55,328
2670245,IJ-120,SA08400,33,0,0,1,PC,N148/18,0.55,328
2670245,IJ-120,SA08400,152,0,0,1,PC,N148/18,0.55,327
2672477,IJ-120,SA07073,90,0,0,1,PC,N148/18,0.49,327
2672477,IJ-120,SA07073,396,12,0,1,PC,N148/18,0.49,327
2672520,IJ-120,SA01923,280,10,0,1,PC,N148/18,1.54,327
2672520,IJ-120,SA01923,365,18,0,1,PC,N148/18,1.54,327
2672520,IJ-120,SA01923,295,23,0,1,PC,N148/18,1.54,326
2672520,IJ-120,SA01923,542,0,0,1,PC,N148/18,1.54,326
2672520,IJ-120,SA01923,316,63,0,1,PC,N148/18,1.54,326
2672520,IJ-120,SA01923,25,0,0,1,PC,N148/18,1.54,325
2672520,IJ-120,SA01923,633,4,0,1,PC,N148/18,1.54,325
2672520,IJ-120,SA01923,600,4,0,1,PC,N148/18,1.54,325
2672520,IJ-120,SA01923,580,1,0,1,PC,N148/18,1.54,324
2672520,IJ-120,SA01923,629,3,0,1,PC,N148/18,1.54,324
2673193,IJ-120,SA00272,176,14,0,1,PC,N148/18,0.815,321
2673193,IJ-120,SA00272,37,0,0,1,PC,N148/18,0.815,321
2673193,IJ-120,SA00272,12,0,0,1,PC,N148/18,0.815,321
2673193,IJ-120,SA00272,464,3,0,1,PC,N148/18,0.815,320
2673314,IJ-120,SA02103,426,5,0,1,PC,N148/18,0.675,320
2673314,IJ-120,SA02103,684,0,0,1,PC,N148/18,0.675,320
2673314,IJ-120,SA02103,82,0,0,1,PC,N148/18,0.675,320
2672427,IJ-120,SA08400,291,6,0,1,PC,N148/18,0.55,319
2672427,IJ-120,SA08400,35,6,0,1,PC,N148/18,0.55,319
2673314,IJ-120,SA02103,296,3,0,1,PC,N148/18,0.675,319
2673446,IJ-120,SA01366,435,12,0,1,PC,N148/18,0.38,319
2673446,IJ-120,SA01366,264,2,0,1,PC,N148/18,0.38,319
2672427,IJ-120,SA08400,203,0,0,1,PC,N148/18,0.55,318
2673519,IJ-120,SA02371,361,0,0,1,PC,N148/18,0.185,318
2673519,IJ-120,SA02371,584,18,0,1,PC,N148/18,0.185,318
2673519,IJ-120,SA02371,292,1,0,1,PC,N148/18,0.185,318
2672919,IJ-120,SA07321,123,2,0,1,PC,N148/18,1.9,317
2673519,IJ-120,SA02371,588,5,0,1,PC,N148/18,0.185,317
2673645,IJ-120,SA02103,172,0,0,1,PC,N148/18,0.675,317
2673645,IJ-120,SA02103,449,0,0,1,PC,N148/18,0.675,317
2672919,IJ-120,SA07321,112,0,0,1,PC,N148/18,1.9,316
2673664,IJ-120,SA00049,357,6,0,1,PC,N-142/67,0.46,316
2673664,IJ-120,SA00049,541,14,0,1,PC,N-142/67,0.46,316
2673664,IJ-120,SA00049,370,6,0,1,PC,N-142/67,0.46,316
2673664,IJ-120,SA00049,36,0,0,1,PC,N-142/67,0.46,316
2673664,IJ-120,SA00049,335,2,0,1,PC,N-142/67,0.46,314
2673664,IJ-120,SA00049,32,0,0,1,PC,N-142/67,0.46,314
2673664,IJ-120,SA00049,64,0,0,1,PC,N-142/67,0.46,314
2673663,IJ-120,SA01963,403,18,0,1,PC,N148/18,0.35,313
2673663,IJ-120,SA01963,405,5,0,1,PC,N148/18,0.35,313
2673663,IJ-120,SA01963,41,0,0,1,PC,N148/18,0.35,313
2673663,IJ-120,SA01963,585,0,0,1,PC,N148/18,0.35,313
2673664,IJ-120,SA00049,152,0,0,1,PC,N-142/67,0.46,313
2673663,IJ-120,SA01963,532,0,0,1,PC,N148/18,0.35,312
2673933,IJ-120,SA00063,31,7,0,1,PC,N148/18,1.053,312
2673933,IJ-120,SA00063,395,0,0,1,PC,N148/18,1.053,312
2673933,IJ-120,SA00063,580,7,0,1,PC,N148/18,1.053,312
2673844,IJ-120,SA01918,367,2,0,1,PC,N148/18,1.645,311
2673844,IJ-120,SA01918,45,0,0,1,PC,N148/18,1.645,311
2673933,IJ-120,SA00063,511,0,0,1,PC,N148/18,1.053,311
2673933,IJ-120,SA00063,616,0,0,1,PC,N148/18,1.053,311
2673844,IJ-120,SA01918,46,0,0,1,PC,N148/18,1.645,310
2673844,IJ-120,SA01918,562,5,0,1,PC,N148/18,1.645,310
2674091,IJ-120,SA07023,197,10,0,1,PC,N148/18,0.45,310
2674091,IJ-120,SA07023,452,9,0,1,PC,N148/18,0.45,310
2674091,IJ-120,SA07023,321,14,0,1,PC,N148/18,0.45,307
2674091,IJ-120,SA07023,32,0,0,1,PC,N148/18,0.45,307
2674091,IJ-120,SA07023,1,0,0,1,PC,N148/18,0.45,307
2674091,IJ-120,SA07023,200,6,0,1,PC,N148/18,0.45,306
2674153,IJ-120,SA01695,152,0,0,1,PC,N148/18,0.452,306
2674153,IJ-120,SA01695,402,0,0,1,PC,N148/18,0.452,306
2674211,IJ-120,SA00063,71,0,0,1,PC,N148/18,1.053,306
2674211,IJ-120,SA00063,18,0,0,1,PC,N148/18,1.053,305
2674214,IJ-120,SA00946,367,9,0,1,PC,N148/18,0.975,305
2674214,IJ-120,SA00946,584,0,0,1,PC,N148/18,0.975,305
2674214,IJ-120,SA00946,420,1,0,1,PC,N148/18,0.975,305
2674214,IJ-120,SA00946,388,12,0,1,PC,N148/18,0.975,304
2674214,IJ-120,SA00946,585,18,0,1,PC,N148/18,0.975,304
2674214,IJ-120,SA00946,593,3,0,1,PC,N148/18,0.975,304
2674214,IJ-120,SA00946,394,1,0,1,PC,N148/18,0.975,303
2674214,IJ-120,SA00946,558,4,0,1,PC,N148/18,0.975,303
2674214,IJ-120,SA00946,625,1,0,1,PC,N148/18,0.975,303
2674214,IJ-120,SA00946,387,3,0,1,PC,N148/18,0.975,302
2674214,IJ-120,SA00946,573,16,0,1,PC,N148/18,0.975,302
2674214,IJ-120,SA00946,612,2,0,1,PC,N148/18,0.975,302
2674214,IJ-120,SA00946,382,8,0,1,PC,N148/18,0.975,298
2674214,IJ-120,SA00946,581,7,0,1,PC,N148/18,0.975,298
2674214,IJ-120,SA00946,593,5,0,1,PC,N148/18,0.975,298
2674214,IJ-120,SA00946,101,0,0,1,PC,N148/18,0.975,297
2674214,IJ-120,SA00946,618,0,0,1,PC,N148/18,0.975,297
2674593,IJ-120,SA02262,319,0,0,1,PC,N148/18,0.52,297
2674845,IJ-120,SA01556,20,0,0,1,PC,N148/18,0.445,297
2674845,IJ-120,SA01556,489,4,0,1,PC,N148/18,0.445,297
2674593,IJ-120,SA02262,399,4,0,1,PC,N148/18,0.52,296
2674593,IJ-120,SA02262,622,7,0,1,PC,N148/18,0.52,296
2674593,IJ-120,SA02262,605,12,0,1,PC,N148/18,0.52,296
2674593,IJ-120,SA02262,383,6,0,1,PC,N148/18,0.52,295
2674593,IJ-120,SA02262,626,7,0,1,PC,N148/18,0.52,295
2674593,IJ-120,SA02262,619,8,0,1,PC,N148/18,0.52,295
2674593,IJ-120,SA02262,159,27,0,1,PC,N148/18,0.52,293
2674593,IJ-120,SA02262,35,0,0,1,PC,N148/18,0.52,293
2674593,IJ-120,SA02262,14,0,0,1,PC,N148/18,0.52,293
2674593,IJ-120,SA02262,362,4,0,1,PC,N148/18,0.52,292
2674593,IJ-120,SA02262,490,24,0,1,PC,N148/18,0.52,292
2674593,IJ-120,SA02262,136,13,0,1,PC,N148/18,0.52,292
2674593,IJ-120,SA02262,137,0,0,1,PC,N148/18,0.52,291
2674593,IJ-120,SA02262,607,1,0,1,PC,N148/18,0.52,291
2675340,IJ-120,SA02008,145,1,0,1,PC,N148/18,0.36,291
2675365,IJ-120,SA00734,138,1,0,1,PC,N148/18,0.805,291
2675365,IJ-120,SA00734,376,7,0,1,PC,N148/18,0.805,291
2675340,IJ-120,SA02008,400,7,0,1,PC,N148/18,0.36,290
2675340,IJ-120,SA02008,642,6,0,1,PC,N148/18,0.36,290
2675340,IJ-120,SA02008,607,4,0,1,PC,N148/18,0.36,290
2675340,IJ-120,SA02008,5,0,0,1,PC,N148/18,0.36,289
2675340,IJ-120,SA02008,612,2,0,1,PC,N148/18,0.36,289
2675517,IJ-120,SA10498,28,0,0,1,PC,N148/18,1.537,289
2675517,IJ-120,SA10498,502,8,0,1,PC,N148/18,1.537,289
2675561,IJ-120,SA02415,293,2,0,1,PC,N148/18,0.617,289
2672022,IJ-120,SA01535,271,0,0,1,PC,N148/18,0.41,288
2675561,IJ-120,SA02415,17,0,0,1,PC,N148/18,0.617,288
2675561,IJ-120,SA02415,600,0,0,1,PC,N148/18,0.617,288
2675561,IJ-120,SA02415,626,1,0,1,PC,N148/18,0.617,288
2672022,IJ-120,SA01535,327,0,0,1,PC,N148/18,0.41,286
2672022,IJ-120,SA01535,403,1,0,1,PC,N148/18,0.41,285
2672022,IJ-120,SA01535,524,0,0,1,PC,N148/18,0.41,285
2672022,IJ-120,SA01535,625,7,0,1,PC,N148/18,0.41,285
2672022,IJ-120,SA01535,402,1,0,1,PC,N148/18,0.41,284
2672022,IJ-120,SA01535,597,0,0,1,PC,N148/18,0.41,284
2672022,IJ-120,SA01535,620,0,0,1,PC,N148/18,0.41,284
2672022,IJ-120,SA01535,376,0,0,1,PC,N148/18,0.41,283
2672022,IJ-120,SA01535,589,1,0,1,PC,N148/18,0.41,283
2672022,IJ-120,SA01535,610,2,0,1,PC,N148/18,0.41,283
2672022,IJ-120,SA01535,392,0,0,1,PC,N148/18,0.41,282
2672022,IJ-120,SA01535,630,3,0,1,PC,N148/18,0.41,282
2675687,IJ-120,SA02376,387,1,0,1,PC,N148/18,0.538,282
2675687,IJ-120,SA02376,65,0,0,1,PC,N148/18,0.538,282
2675687,IJ-120,SA02376,50,0,0,1,PC,N148/18,0.538,282
2675443,IJ-120,SA07010,213,0,0,1,PC,N146/9,0.692,281
2675443,IJ-120,SA07010,575,3,0,1,PC,N146/9,0.692,281
2675443,IJ-120,SA07010,191,0,0,1,PC,N146/9,0.692,281
2675443,IJ-120,SA07010,48,0,0,1,PC,N146/9,0.692,281
2675687,IJ-120,SA02376,309,3,0,1,PC,N148/18,0.538,281
2675993,IJ-120,SA01742,57,0,0,1,PC,N146/9,0.68,281
2675993,IJ-120,SA01742,68,4,0,1,PC,N146/9,0.68,281
2675993,IJ-120,SA01742,337,8,0,1,PC,N146/9,0.68,279
2675993,IJ-120,SA01742,22,0,0,1,PC,N146/9,0.68,279
2675993,IJ-120,SA01742,13,0,0,1,PC,N146/9,0.68,279
2675805,IJ-120,SA01556,498,0,0,1,PC,N148/18,0.445,278
2675805,IJ-120,SA01556,534,0,0,1,PC,N148/18,0.445,278
2675993,IJ-120,SA01742,49,0,0,1,PC,N146/9,0.68,278
2676040,IJ-120,SA01861,375,8,0,1,PC,N148/18,1.355,278
2676040,IJ-120,SA01861,82,2,0,1,PC,N148/18,1.355,278
2676040,IJ-120,SA01861,323,2,0,1,PC,N148/18,1.355,277
2676040,IJ-120,SA01861,469,0,0,1,PC,N148/18,1.355,277
2676040,IJ-120,SA01861,612,3,0,1,PC,N148/18,1.355,277
2676083,IJ-120,13444,380,8,0,1,PC,N148/18,0.568,276
2676114,IJ-120,SA01660,570,0,0,1,PC,N148/18,0.555,276
2676114,IJ-120,SA01660,645,9,0,1,PC,N148/18,0.555,276
2676082,IJ-120,SA00995,185,4,0,1,PC,N148/18,0.36,275
2676083,IJ-120,13444,31,0,0,1,PC,N148/18,0.568,275
2676083,IJ-120,13444,603,16,0,1,PC,N148/18,0.568,275
2676116,IJ-120,SA00618,106,0,0,1,PC,N148/18,1.97,275
2676116,IJ-120,SA00618,339,111,0,1,PC,N148/18,1.97,275
2676082,IJ-120,SA00995,323,8,0,1,PC,N148/18,0.36,274
2676082,IJ-120,SA00995,632,0,0,1,PC,N148/18,0.36,274
2676082,IJ-120,SA00995,550,9,0,1,PC,N148/18,0.36,274
2675706,IJ-120,SA01764,1,0,0,1,PC,N148/18,0.53,274
2675706,IJ-120,SA01764,7,0,0,1,PC,N148/18,0.53,274
2675706,IJ-120,SA01764,406,0,0,1,PC,N148/18,0.53,273
2675706,IJ-120,SA01764,465,13,0,1,PC,N148/18,0.53,273
2675706,IJ-120,SA01764,46,0,0,1,PC,N148/18,0.53,272
2675706,IJ-120,SA01764,772,16,0,1,PC,N148/18,0.53,271
2675706,IJ-120,SA01764,1083,13,0,1,PC,N148/18,0.53,271
2675706,IJ-120,SA01764,462,0,0,1,PC,N148/18,0.53,271
2675706,IJ-120,SA01764,174,4,0,1,PC,N148/18,0.53,270
2675706,IJ-120,SA01764,519,21,0,1,PC,N148/18,0.53,270
2675706,IJ-120,SA01764,623,0,0,1,PC,N148/18,0.53,270
2676472,IJ-120,SA01923,373,8,0,1,PC,N148/18,1.54,269
2676472,IJ-120,SA01923,523,0,0,1,PC,N148/18,1.54,269
2676472,IJ-120,SA01923,618,2,0,1,PC,N148/18,1.54,269
2676472,IJ-120,SA01923,47,6,0,1,PC,N148/18,1.54,268
2676472,IJ-120,SA01923,444,39,0,1,PC,N148/18,1.54,268
2676472,IJ-120,SA01923,610,7,0,1,PC,N148/18,1.54,268
2676472,IJ-120,SA01923,70,0,0,1,PC,N148/18,1.54,267
2676930,IJ-120,SA02008,373,12,0,1,PC,N148/18,0.36,267
2676930,IJ-120,SA02008,370,17,0,1,PC,N148/18,0.36,267
2676930,IJ-120,SA02008,247,2,0,1,PC,N148/18,0.36,265
2676930,IJ-120,SA02008,3,0,0,1,PC,N148/18,0.36,264
2677525,IJ-120,SA00911,286,9,0,1,PC,N148/18,0.9,261
2677525,IJ-120,SA00911,173,0,0,1,PC,N148/18,0.9,261
2677525,IJ-120,SA00911,2,0,0,1,PC,N148/18,0.9,260
2677525,IJ-120,SA00911,339,8,0,1,PC,N148/18,0.9,258
2677525,IJ-120,SA00911,26,0,0,1,PC,N148/18,0.9,258
2677525,IJ-120,SA00911,32,0,0,1,PC,N148/18,0.9,258
2677525,IJ-120,SA00911,418,3,0,1,PC,N148/18,0.9,257
2677576,IJ-120,SA01695,40,0,0,1,PC,N148/18,0.452,257
2677576,IJ-120,SA01695,393,2,0,1,PC,N148/18,0.452,257
2677576,IJ-120,SA01695,167,2,0,1,PC,N148/18,0.452,257
2677576,IJ-120,SA01695,620,0,0,1,PC,N148/18,0.452,257
2677576,IJ-120,SA01695,8,0,0,1,PC,N148/18,0.452,257
2677575,IJ-120,SA01422,234,2,0,1,PC,N148/18,0.837,256
2677575,IJ-120,SA01422,666,1,0,1,PC,N148/18,0.837,256
2677575,IJ-120,SA01422,236,0,0,1,PC,N148/18,0.837,256
2677576,IJ-120,SA01695,342,0,0,1,PC,N148/18,0.452,256
2677575,IJ-120,SA01422,326,4,0,1,PC,N148/18,0.837,255
2677575,IJ-120,SA01422,12,0,0,1,PC,N148/18,0.837,255
2677230,IJ-120,SA03682,226,7,0,1,PC,N148/18,6.0,254
2677574,IJ-120,SA02415,49,0,0,1,PC,N148/18,0.617,254
2677574,IJ-120,SA02415,643,0,0,1,PC,N148/18,0.617,254
2677574,IJ-120,SA02415,318,4,0,1,PC,N148/18,0.617,254
2677575,IJ-120,SA01422,284,0,0,1,PC,N148/18,0.837,254
2677230,IJ-120,SA03682,131,4,0,1,PC,N148/18,6.0,253
2677479,IJ-120,SA01918,272,0,0,1,PC,N148/18,1.645,253
2677479,IJ-120,SA01918,512,0,0,1,PC,N148/18,1.645,253
2677479,IJ-120,SA01918,6,0,0,1,PC,N148/18,1.645,253
2677479,IJ-120,SA01918,399,12,0,1,PC,N148/18,1.645,253
2677818,IJ-120,SA05339,36,0,0,1,PC,N148/18,0.52,253
2677818,IJ-120,SA05339,149,8,0,1,PC,N148/18,0.52,251
2677818,IJ-120,SA05339,18,0,0,1,PC,N148/18,0.52,251
2677818,IJ-120,SA05339,7,0,0,1,PC,N148/18,0.52,251
2677818,IJ-120,SA05339,313,6,0,1,PC,N148/18,0.52,250
2677873,IJ-120,SA01980,234,7,0,1,PC,N148/18,0.61,250
2677873,IJ-120,SA01980,355,0,0,1,PC,N148/18,0.61,250
2677907,IJ-120,SA07686,323,3,0,1,PC,N-142/67,1.42,250
2677907,IJ-120,SA07686,70,12,0,1,PC,N-142/67,1.42,250
2677907,IJ-120,SA07686,25,0,0,1,PC,N-142/67,1.42,250
2677907,IJ-120,SA07686,287,0,0,1,PC,N-142/67,1.42,249
2677907,IJ-120,SA07686,184,16,0,1,PC,N-142/67,1.42,249
2677907,IJ-120,SA07686,559,9,0,1,PC,N-142/67,1.42,249
2677907,IJ-120,SA07686,535,0,0,1,PC,N-142/67,1.42,248
2677907,IJ-120,SA07686,608,3,0,1,PC,N-142/67,1.42,248
2678013,IJ-120,SA08399,303,0,0,1,PC,N-142/67,1.81,248
2678013,IJ-120,SA08399,240,0,0,1,PC,N-142/67,1.81,247
2678013,IJ-120,SA08399,82,13,0,1,PC,N-142/67,1.81,247
2678013,IJ-120,SA08399,315,4,0,1,PC,N-142/67,1.81,247
2678013,IJ-120,SA08399,230,0,0,1,PC,N-142/67,1.81,246
2678013,IJ-120,SA08399,495,22,0,1,PC,N-142/67,1.81,246
2678013,IJ-120,SA08399,601,6,0,1,PC,N-142/67,1.81,246
2678064,IJ-120,SA00946,3,0,0,1,PC,N148/18,0.975,246
2678064,IJ-120,SA00946,435,35,0,1,PC,N148/18,0.975,245
2678044,IJ-120,SA07007,191,19,0,1,PC,N148/18,2.19,244
2678064,IJ-120,SA00946,9,0,0,1,PC,N148/18,0.975,244
2678064,IJ-120,SA00946,4,0,0,1,PC,N148/18,0.975,244
2677307,IJ-120,SA07321,390,4,0,1,PC,N148/18,1.9,243
2677307,IJ-120,SA07321,107,0,0,1,PC,N148/18,1.9,243
2678044,IJ-120,SA07007,459,0,0,1,PC,N148/18,2.19,243
2678044,IJ-120,SA07007,437,4,0,1,PC,N148/18,2.19,243
2676693,IJ-120,SA08469,15,4,0,1,PC,N-142/67,4.15,242
2677307,IJ-120,SA07321,471,0,0,1,PC,N148/18,1.9,242
2677307,IJ-120,SA07321,621,5,0,1,PC,N148/18,1.9,242
2677530,IJ-120,SA02690,82,0,0,1,PC,N-142/67,2.86,242
2676648,IJ-120,SA01923,1,0,0,1,PC,N148/18,1.54,241
2676648,IJ-120,SA01923,271,21,0,1,PC,N148/18,1.54,241
2676648,IJ-120,SA01923,333,11,0,1,PC,N148/18,1.54,241
2676693,IJ-120,SA08469,159,4,0,1,PC,N-142/67,4.15,241
2677530,IJ-120,SA02690,591,6,0,1,PC,N-142/67,2.86,241
2676648,IJ-120,SA01923,615,1,0,1,PC,N148/18,1.54,240
2676648,IJ-120,SA01923,536,0,0,1,PC,N148/18,1.54,240
2676648,IJ-120,SA01923,188,0,0,1,PC,N148/18,1.54,240
2676648,IJ-120,SA01923,225,0,0,1,PC,N148/18,1.54,239
2676648,IJ-120,SA01923,596,0,0,1,PC,N148/18,1.54,239
2676648,IJ-120,SA01923,22,0,0,1,PC,N148/18,1.54,239
2678424,IJ-120,SA02371,434,5,0,1,PC,N148/18,0.185,239
2678424,IJ-120,SA02371,320,10,0,1,PC,N148/18,0.185,239
2678424,IJ-120,SA02371,216,4,0,1,PC,N148/18,0.185,237
2678424,IJ-120,SA02371,18,0,0,1,PC,N148/18,0.185,237
2678424,IJ-120,SA02371,90,0,0,1,PC,N148/18,0.185,236
2678569,IJ-120,SA03681,489,0,0,1,PC,N148/18,1.0,236
2678569,IJ-120,SA03681,308,3,0,1,PC,N148/18,1.0,236
2678588,IJ-120,SA00228,315,17,0,1,PC,N148/18,1.384,236
2678588,IJ-120,SA00228,78,2,0,1,PC,N148/18,1.384,236
2678482,IJ-120,SA01923,594,3,0,1,PC,N148/18,1.54,235
2678588,IJ-120,SA00228,592,12,0,1,PC,N148/18,1.384,235
2678894,IJ-120,SA01834,340,3,0,1,PC,N148/18,0.6,235
2678894,IJ-120,SA01834,289,5,0,1,PC,N148/18,0.6,234
2679025,IJ-120,SA08395,132,6,0,1,PC,N-142/67,2.869,234
2679025,IJ-120,SA08395,267,1,0,1,PC,N-142/67,2.869,234
2679025,IJ-120,SA08395,370,6,0,1,PC,N-142/67,2.869,234
2679025,IJ-120,SA08395,105,0,0,1,PC,N-142/67,2.869,234
2679025,IJ-120,SA08395,320,0,0,1,PC,N-142/67,2.869,233
2679025,IJ-120,SA08395,370,0,0,1,PC,N-142/67,2.869,233
2679025,IJ-120,SA08395,562,6,0,1,PC,N-142/67,2.869,233
2678519,IJ-120,SA00913,83,0,0,1,PC,N148/18,1.236,232
2678519,IJ-120,SA00913,588,0,0,1,PC,N148/18,1.236,232
2679025,IJ-120,SA08395,10,0,0,1,PC,N-142/67,2.869,232
2679025,IJ-120,SA08395,963,2,0,1,PC,N-142/67,2.869,232
2679181,IJ-120,SA02374,1,0,0,1,PC,N148/18,0.298,232
2679181,IJ-120,SA02374,179,20,0,1,PC,N148/18,0.298,232
2679181,IJ-120,SA02374,459,7,0,1,PC,N148/18,0.298,231
2679181,IJ-120,SA02374,503,7,0,1,PC,N148/18,0.298,231
2679181,IJ-120,SA02374,301,7,0,1,PC,N148/18,0.298,230
2679181,IJ-120,SA02374,3,0,0,1,PC,N148/18,0.298,230
2679181,IJ-120,SA02374,6,0,0,1,PC,N148/18,0.298,230
2679181,IJ-120,SA02374,389,11,0,1,PC,N148/18,0.298,229
2679181,IJ-120,SA02374,638,12,0,1,PC,N148/18,0.298,229
2679181,IJ-120,SA02374,620,7,0,1,PC,N148/18,0.298,229
2679181,IJ-120,SA02374,403,3,0,1,PC,N148/18,0.298,228
2679181,IJ-120,SA02374,627,13,0,1,PC,N148/18,0.298,228
2679181,IJ-120,SA02374,551,0,0,1,PC,N148/18,0.298,228
2679181,IJ-120,SA02374,394,5,0,1,PC,N148/18,0.298,227
2679181,IJ-120,SA02374,634,0,0,1,PC,N148/18,0.298,227
2679181,IJ-120,SA02374,623,3,0,1,PC,N148/18,0.298,227
2679181,IJ-120,SA02374,430,4,0,1,PC,N148/18,0.298,226
2679181,IJ-120,SA02374,620,0,0,1,PC,N148/18,0.298,226
2679181,IJ-120,SA02374,619,5,0,1,PC,N148/18,0.298,226
2679181,IJ-120,SA02374,399,0,0,1,PC,N148/18,0.298,225
2679181,IJ-120,SA02374,635,0,0,1,PC,N148/18,0.298,225
2679181,IJ-120,SA02374,636,0,0,1,PC,N148/18,0.298,225
2679181,IJ-120,SA02374,307,15,0,1,PC,N148/18,0.298,223
2679181,IJ-120,SA02374,7,0,0,1,PC,N148/18,0.298,223
2678517,IJ-120,SA07395,176,19,0,1,PC,N148/18,1.26,222
2678517,IJ-120,SA07395,447,21,0,1,PC,N148/18,1.26,222
2678517,IJ-120,SA07395,224,5,0,1,PC,N148/18,1.26,222
2679181,IJ-120,SA02374,305,7,0,1,PC,N148/18,0.298,222
2678517,IJ-120,SA07395,129,16,0,1,PC,N148/18,1.26,221
2679657,IJ-120,SA01556,283,23,0,1,PC,N148/18,0.445,221
2679657,IJ-120,SA01556,294,7,0,1,PC,N148/18,0.445,221
2679657,IJ-120,SA01556,110,0,0,1,PC,N148/18,0.445,221
2679657,IJ-120,SA01556,326,29,0,1,PC,N148/18,0.445,221
2679657,IJ-120,SA01556,290,2,0,1,PC,N148/18,0.445,220
2679657,IJ-120,SA01556,531,16,0,1,PC,N148/18,0.445,220
2679657,IJ-120,SA01556,162,2,0,1,PC,N148/18,0.445,220
2679752,IJ-120,SA08399,34,0,0,1,PC,N-142/67,1.81,220
2679752,IJ-120,SA08399,384,10,0,1,PC,N-142/67,1.81,219
2679752,IJ-120,SA08399,579,18,0,1,PC,N-142/67,1.81,219
2679752,IJ-120,SA08399,552,19,0,1,PC,N-142/67,1.81,219
2679673,IJ-120,SA02008,409,0,0,1,PC,N148/18,0.36,218
2679673,IJ-120,SA02008,650,0,0,1,PC,N148/18,0.36,218
2679673,IJ-120,SA02008,451,0,0,1,PC,N148/18,0.36,218
2679752,IJ-120,SA08399,91,0,0,1,PC,N-142/67,1.81,218
2679673,IJ-120,SA02008,172,8,0,1,PC,N148/18,0.36,216
2679673,IJ-120,SA02008,4,0,0,1,PC,N148/18,0.36,216
2679673,IJ-120,SA02008,379,6,0,1,PC,N148/18,0.36,215
2679673,IJ-120,SA02008,557,21,0,1,PC,N148/18,0.36,215
2679673,IJ-120,SA02008,194,11,0,1,PC,N148/18,0.36,215
2679295,IJ-120,SA02376,310,5,0,1,PC,N148/18,0.538,214
2679673,IJ-120,SA02008,200,0,0,1,PC,N148/18,0.36,214
2679896,IJ-120,SA01535,509,24,0,1,PC,N148/18,0.41,214
2679896,IJ-120,SA01535,288,14,0,1,PC,N148/18,0.41,214
2679295,IJ-120,SA02376,244,20,0,1,PC,N148/18,0.538,213
2679295,IJ-120,SA02376,530,19,0,1,PC,N148/18,0.538,213
2680035,IJ-120,SA00880,309,2,0,1,PC,N148/18,0.795,213
2680035,IJ-120,SA00880,93,0,0,1,PC,N148/18,0.795,213
2679894,IJ-120,SA00913,71,0,0,1,PC,N148/18,1.236,212
2680035,IJ-120,SA00880,579,16,0,1,PC,N148/18,0.795,212
2680037,IJ-120,SA01660,262,0,0,1,PC,N148/18,0.555,212
2680037,IJ-120,SA01660,353,14,0,1,PC,N148/18,0.555,212
2679894,IJ-120,SA00913,2,0,0,1,PC,N148/18,1.236,211
2679894,IJ-120,SA00913,319,2,0,1,PC,N148/18,1.236,211
2679894,IJ-120,SA00913,583,0,0,1,PC,N148/18,1.236,211
2679894,IJ-120,SA00913,547,14,0,1,PC,N148/18,1.236,211
2679894,IJ-120,SA00913,467,0,0,1,PC,N148/18,1.236,210
2679894,IJ-120,SA00913,319,2,0,1,PC,N148/18,1.236,209
2679894,IJ-120,SA00913,36,0,0,1,PC,N148/18,1.236,209
2679894,IJ-120,SA00913,23,0,0,1,PC,N148/18,1.236,209
2679894,IJ-120,SA00913,227,0,0,1,PC,N148/18,1.236,208
2680268,IJ-120,SA00049,359,1,0,1,PC,N-142/67,0.46,208
2680268,IJ-120,SA00049,555,12,0,1,PC,N-142/67,0.46,208
2680268,IJ-120,SA00049,339,8,0,1,PC,N-142/67,0.46,208
2680268,IJ-120,SA00049,328,2,0,1,PC,N-142/67,0.46,207
2680268,IJ-120,SA00049,530,0,0,1,PC,N-142/67,0.46,207
2680268,IJ-120,SA00049,565,22,0,1,PC,N-142/67,0.46,207
2680268,IJ-120,SA00049,270,11,0,1,PC,N-142/67,0.46,206
2680268,IJ-120,SA00049,465,0,0,1,PC,N-142/67,0.46,206
2680268,IJ-120,SA00049,546,14,0,1,PC,N-142/67,0.46,206
2680709,IJ-120,SA07395,3,0,0,1,PC,N148/18,1.26,206
2680709,IJ-120,SA07395,73,0,0,1,PC,N148/18,1.26,205
2680709,IJ-120,SA07395,52,59,0,1,PC,N148/18,1.26,205
2680834,IJ-120,SA01556,454,6,0,1,PC,N148/18,0.445,205
2680834,IJ-120,SA01556,343,0,0,1,PC,N148/18,0.445,205
2680834,IJ-120,SA01556,347,9,0,1,PC,N148/18,0.445,204
2680834,IJ-120,SA01556,601,11,0,1,PC,N148/18,0.445,204
2680834,IJ-120,SA01556,638,9,0,1,PC,N148/18,0.445,204
2680834,IJ-120,SA01556,45,0,0,1,PC,N148/18,0.445,203
2680834,IJ-120,SA01556,384,6,0,1,PC,N148/18,0.445,202
2680834,IJ-120,SA01556,36,0,0,1,PC,N148/18,0.445,202
2680834,IJ-120,SA01556,25,0,0,1,PC,N148/18,0.445,202
2680385,IJ-120,SA02693,136,0,0,1,PC,N148/18,1.2,201
2680709,IJ-120,SA07395,255,12,0,1,PC,N148/18,1.26,201
2680709,IJ-120,SA07395,14,0,0,1,PC,N148/18,1.26,201
2680834,IJ-120,SA01556,41,0,0,1,PC,N148/18,0.445,201
2680834,IJ-120,SA01556,643,2,0,1,PC,N148/18,0.445,201
2680709,IJ-120,SA07395,317,4,0,1,PC,N148/18,1.26,200
2680709,IJ-120,SA07395,551,3,0,1,PC,N148/18,1.26,200
2680709,IJ-120,SA07395,546,1,0,1,PC,N148/18,1.26,200
2680709,IJ-120,SA07395,294,7,0,1,PC,N148/18,1.26,199
2680709,IJ-120,SA07395,361,31,0,1,PC,N148/18,1.26,199
2680709,IJ-120,SA07395,501,17,0,1,PC,N148/18,1.26,199
2680385,IJ-120,SA02693,266,7,0,1,PC,N148/18,1.2,198
2680385,IJ-120,SA02693,327,0,0,1,PC,N148/18,1.2,198
2680385,IJ-120,SA02693,156,3,0,1,PC,N148/18,1.2,198
2680709,IJ-120,SA07395,230,8,0,1,PC,N148/18,1.26,198
2680385,IJ-120,SA02693,320,4,0,1,PC,N148/18,1.2,197
2680385,IJ-120,SA02693,387,30,0,1,PC,N148/18,1.2,197
2680385,IJ-120,SA02693,551,14,0,1,PC,N148/18,1.2,197
2680385,IJ-120,SA02693,314,0,0,1,PC,N148/18,1.2,196
2680385,IJ-120,SA02693,435,20,0,1,PC,N148/18,1.2,196
2680385,IJ-120,SA02693,11,3,0,1,PC,N148/18,1.2,195
2680385,IJ-120,SA02693,25,0,0,1,PC,N148/18,1.2,195
2681432,IJ-120,SA00497,209,0,0,1,PC,N148/18,2.87,195
2681432,IJ-120,SA00497,37,0,0,1,PC,N148/18,2.87,194
2681432,IJ-120,SA00497,581,0,0,1,PC,N148/18,2.87,194
2681480,IJ-120,SA07010,398,1,0,1,PC,N146/9,0.692,194
2681480,IJ-120,SA07010,438,20,0,1,PC,N146/9,0.692,194
2681480,IJ-120,SA07010,173,0,0,1,PC,N146/9,0.692,193
2681481,IJ-120,SA01801,420,0,0,1,PC,N146/9,1.59,193
2681481,IJ-120,SA01801,45,0,0,1,PC,N146/9,1.59,193
2681481,IJ-120,SA01801,24,9,0,1,PC,N146/9,1.59,193
2681481,IJ-120,SA01801,524,0,0,1,PC,N146/9,1.59,193
2681610,IJ-120,SA01742,256,10,0,1,PC,N146/9,0.68,193
2681604,IJ-120,SA00618,442,0,0,1,PC,N148/18,1.97,192
2681604,IJ-120,SA00618,452,3,0,1,PC,N148/18,1.97,192
2681610,IJ-120,SA01742,124,2,0,1,PC,N146/9,0.68,192
2681650,IJ-120,SA00995,391,17,0,1,PC,N148/18,0.36,192
2681603,IJ-120,SA00775,357,0,0,1,PC,N148/18,0.525,191
2681603,IJ-120,SA00775,456,17,0,1,PC,N148/18,0.525,191
2681650,IJ-120,SA00995,78,0,0,1,PC,N148/18,0.36,191
2681650,IJ-120,SA00995,607,25,0,1,PC,N148/18,0.36,191
2680835,IJ-120,SA01422,1,0,0,1,PC,N148/18,0.837,190
2680835,IJ-120,SA01422,215,7,0,1,PC,N148/18,0.837,190
2681603,IJ-120,SA00775,60,0,0,1,PC,N148/18,0.525,190
2681603,IJ-120,SA00775,292,0,0,1,PC,N148/18,0.525,190
2681603,IJ-120,SA00775,614,13,0,1,PC,N148/18,0.525,190
2680835,IJ-120,SA01422,236,1,0,1,PC,N148/18,0.837,189
2680835,IJ-120,SA01422,527,5,0,1,PC,N148/18,0.837,189
2681727,IJ-120,SA07065,241,2,0,1,PC,N148/18,1.09,189
2681727,IJ-120,SA07065,386,1,0,1,PC,N148/18,1.09,188
2681727,IJ-120,SA07065,27,0,0,1,PC,N148/18,1.09,188
2681727,IJ-120,SA07065,317,5,0,1,PC,N148/18,1.09,187
2681727,IJ-120,SA07065,604,2,0,1,PC,N148/18,1.09,187
2681771,IJ-120,SA00880,449,0,0,1,PC,N148/18,0.795,187
2681771,IJ-120,SA00880,242,3,0,1,PC,N148/18,0.795,187
2681771,IJ-120,SA00880,141,1,0,1,PC,N148/18,0.795,186
2681833,IJ-120,SA08321,592,2,0,1,PC,N148/18,0.89,186
2681833,IJ-120,SA08321,432,0,0,1,PC,N148/18,0.89,186
2681833,IJ-120,SA08321,459,1,0,1,PC,N148/18,0.89,186
2681652,IJ-120,SA00504,111,4,0,1,PC,N148/18,1.06,185
2681833,IJ-120,SA08321,263,2,0,1,PC,N148/18,0.89,185
2681833,IJ-120,SA08321,605,5,0,1,PC,N148/18,0.89,185
2681833,IJ-120,SA08321,629,1,0,1,PC,N148/18,0.89,185
2680830,IJ-120,SA08395,44,0,0,1,PC,N-142/67,2.869,184
2681652,IJ-120,SA00504,397,0,0,1,PC,N148/18,1.06,184
2681953,IJ-120,SA02420,162,19,0,1,PC,N148/18,0.235,184
2681953,IJ-120,SA02420,244,0,0,1,PC,N148/18,0.235,184
2681953,IJ-120,SA02420,112,0,0,1,PC,N148/18,0.235,184
2680830,IJ-120,SA08395,16,0,0,1,PC,N-142/67,2.869,183
2681746,IJ-120,SA02693,5,0,0,1,PC,N148/18,1.2,183
2681746,IJ-120,SA02693,339,4,0,1,PC,N148/18,1.2,183
2681746,IJ-120,SA02693,495,10,0,1,PC,N148/18,1.2,183
2681746,IJ-120,SA02693,1,0,0,1,PC,N148/18,1.2,183
2681746,IJ-120,SA02693,144,2,0,1,PC,N148/18,1.2,183
2681836,IJ-120,SA08400,91,0,0,1,PC,N148/18,0.55,183
2681746,IJ-120,SA02693,400,0,0,1,PC,N148/18,1.2,182
2681746,IJ-120,SA02693,448,5,0,1,PC,N148/18,1.2,182
2681746,IJ-120,SA02693,261,15,0,1,PC,N148/18,1.2,181
2681746,IJ-120,SA02693,19,0,0,1,PC,N148/18,1.2,181
2681746,IJ-120,SA02693,341,2,0,1,PC,N148/18,1.2,180
2681746,IJ-120,SA02693,554,0,0,1,PC,N148/18,1.2,180
2681746,IJ-120,SA02693,531,19,0,1,PC,N148/18,1.2,180
2681746,IJ-120,SA02693,348,3,0,1,PC,N148/18,1.2,179
2681746,IJ-120,SA02693,547,0,0,1,PC,N148/18,1.2,179
2681746,IJ-120,SA02693,587,1,0,1,PC,N148/18,1.2,179
2681746,IJ-120,SA02693,333,7,0,1,PC,N148/18,1.2,178
2681746,IJ-120,SA02693,546,0,0,1,PC,N148/18,1.2,178
2681746,IJ-120,SA02693,584,1,0,1,PC,N148/18,1.2,178
2681746,IJ-120,SA02693,271,1,0,1,PC,N148/18,1.2,177
2681746,IJ-120,SA02693,631,0,0,1,PC,N148/18,1.2,177
2681746,IJ-120,SA02693,502,11,0,1,PC,N148/18,1.2,177
2682261,IJ-120,SA00484,69,0,0,1,PC,N146/9,0.465,177
2682261,IJ-120,SA00484,468,0,0,1,PC,N146/9,0.465,176
2682261,IJ-120,SA00484,610,16,0,1,PC,N146/9,0.465,176
2682267,IJ-120,SA13359,383,2,0,1,PC,N146/9,0.59,176
2682267,IJ-120,SA13359,24,0,0,1,PC,N146/9,0.59,176
2682267,IJ-120,SA13359,365,4,0,1,PC,N146/9,0.59,174
2682267,IJ-120,SA13359,2,0,0,1,PC,N146/9,0.59,174
2682267,IJ-120,SA13359,6,0,0,1,PC,N146/9,0.59,174
2682267,IJ-120,SA13359,412,6,0,1,PC,N146/9,0.59,173
2682267,IJ-120,SA13359,24,0,0,1,PC,N146/9,0.59,173
2682267,IJ-120,SA13359,578,0,0,1,PC,N146/9,0.59,173
2682267,IJ-120,SA13359,640,3,0,1,PC,N146/9,0.59,173
2682267,IJ-120,SA13359,293,6,0,1,PC,N146/9,0.59,172
2682267,IJ-120,SA13359,631,0,0,1,PC,N146/9,0.59,172
2682267,IJ-120,SA13359,616,10,0,1,PC,N146/9,0.59,172
2682291,IJ-120,SA00228,72,12,0,1,PC,N148/18,1.384,171
2682309,IJ-120,SA02020,307,19,0,1,PC,N148/18,2.18,171
2682309,IJ-120,SA02020,558,0,0,1,PC,N148/18,2.18,171
2682309,IJ-120,SA02020,82,0,0,1,PC,N148/18,2.18,171
2682309,IJ-120,SA02020,402,3,0,1,PC,N148/18,2.18,170
2682309,IJ-120,SA02020,612,0,0,1,PC,N148/18,2.18,170
2682309,IJ-120,SA02020,588,3,0,1,PC,N148/18,2.18,170
2682309,IJ-120,SA02020,1,0,0,1,PC,N148/18,2.18,169
2682309,IJ-120,SA02020,389,0,0,1,PC,N148/18,2.18,169
2682309,IJ-120,SA02020,582,0,0,1,PC,N148/18,2.18,169
2682309,IJ-120,SA02020,592,2,0,1,PC,N148/18,2.18,169
2682309,IJ-120,SA02020,486,5,0,1,PC,N148/18,2.18,168
2682309,IJ-120,SA02020,10,0,0,1,PC,N148/18,2.18,168
2682309,IJ-120,SA02020,327,3,0,1,PC,N148/18,2.18,167
2682309,IJ-120,SA02020,7,0,0,1,PC,N148/18,2.18,167
2682309,IJ-120,SA02020,142,0,0,1,PC,N148/18,2.18,166
2682923,IJ-120,SA08320,393,2,0,1,PC,N148/18,1.695,166
2682923,IJ-120,SA08320,540,0,0,1,PC,N148/18,1.695,166
2682923,IJ-120,SA08320,425,21,0,1,PC,N148/18,1.695,166
2682923,IJ-120,SA08320,395,1,0,1,PC,N148/18,1.695,165
2682951,IJ-120,SA02420,299,12,0,1,PC,N148/18,0.235,165
2682951,IJ-120,SA02420,547,0,0,1,PC,N148/18,0.235,165
2682951,IJ-120,SA02420,143,0,0,1,PC,N148/18,0.235,165
2682951,IJ-120,SA02420,204,0,0,1,PC,N148/18,0.235,164
2683388,IJ-120,SA03681,156,0,0,1,PC,N148/18,1.0,164
2683388,IJ-120,SA03681,336,10,0,1,PC,N148/18,1.0,164
2683389,IJ-120,SA07395,305,3,0,1,PC,N148/18,1.26,164
2683389,IJ-120,SA07395,141,0,0,1,PC,N148/18,1.26,164
2683389,IJ-120,SA07395,244,0,0,1,PC,N148/18,1.26,163
2683443,IJ-120,SA02420,390,9,0,1,PC,N148/18,0.235,163
2683443,IJ-120,SA02420,551,0,0,1,PC,N148/18,0.235,163
2683443,IJ-120,SA02420,323,0,0,1,PC,N148/18,0.235,163
2683443,IJ-120,SA02420,405,12,0,1,PC,N148/18,0.235,162
2683443,IJ-120,SA02420,575,0,0,1,PC,N148/18,0.235,162
2683443,IJ-120,SA02420,604,10,0,1,PC,N148/18,0.235,162
2683443,IJ-120,SA02420,43,0,0,1,PC,N148/18,0.235,161
2683443,IJ-120,SA02420,358,14,0,1,PC,N148/18,0.235,160
2683443,IJ-120,SA02420,28,0,0,1,PC,N148/18,0.235,160
2682267,IJ-120,SA13359,353,0,0,1,PC,N146/9,0.59,159
2683443,IJ-120,SA02420,552,0,0,1,PC,N148/18,0.235,159
2683443,IJ-120,SA02420,657,14,0,1,PC,N148/18,0.235,159
2682267,IJ-120,SA13359,432,3,0,1,PC,N146/9,0.59,158
2682267,IJ-120,SA13359,648,13,0,1,PC,N146/9,0.59,158
2682267,IJ-120,SA13359,639,10,0,1,PC,N146/9,0.59,158
2682267,IJ-120,SA13359,186,6,0,1,PC,N146/9,0.59,157
2682267,IJ-120,SA13359,633,9,0,1,PC,N146/9,0.59,157
2683732,IJ-120,SA01660,362,4,0,1,PC,N148/18,0.555,157
2683732,IJ-120,SA01660,305,0,0,1,PC,N148/18,0.555,157
2683732,IJ-120,SA01660,316,6,0,1,PC,N148/18,0.555,156
2683761,IJ-120,SA01918,350,12,0,1,PC,N148/18,1.645,156
2683761,IJ-120,SA01918,181,10,0,1,PC,N148/18,1.645,156
2683777,IJ-120,SA00497,368,7,0,1,PC,N148/18,2.87,156
2683777,IJ-120,SA00497,149,0,0,1,PC,N148/18,2.87,156
2683762,IJ-120,SA07380,203,0,0,1,PC,N148/18,0.53,155
2683762,IJ-120,SA07380,297,40,0,1,PC,N148/18,0.53,155
2683777,IJ-120,SA00497,108,9,0,1,PC,N148/18,2.87,155
2683819,IJ-120,SA01963,295,3,0,1,PC,N148/18,0.35,155
2683819,IJ-120,SA01963,279,0,0,1,PC,N148/18,0.35,155
2683819,IJ-120,SA01963,192,7,0,1,PC,N148/18,0.35,153
2683819,IJ-120,SA01963,7,0,0,1,PC,N148/18,0.35,153
2683819,IJ-120,SA01963,407,5,0,1,PC,N148/18,0.35,152
2683819,IJ-120,SA01963,643,0,0,1,PC,N148/18,0.35,152
2683819,IJ-120,SA01963,595,14,0,1,PC,N148/18,0.35,152
2683819,IJ-120,SA01963,422,1,0,1,PC,N148/18,0.35,151
2683819,IJ-120,SA01963,622,5,0,1,PC,N148/18,0.35,151
2683819,IJ-120,SA01963,622,2,0,1,PC,N148/18,0.35,151
2683819,IJ-120,SA01963,147,3,0,1,PC,N148/18,0.35,150
2683928,IJ-120,SA00995,436,3,0,1,PC,N148/18,0.36,150
2683928,IJ-120,SA00995,624,7,0,1,PC,N148/18,0.36,150
2683928,IJ-120,SA00995,447,15,0,1,PC,N148/18,0.36,150
2683615,IJ-120,SA01829,413,2,0,1,PC,N146/9,1.47,149
2683615,IJ-120,SA01829,397,9,0,1,PC,N146/9,1.47,149
2683928,IJ-120,SA00995,140,7,0,1,PC,N148/18,0.36,149
2683928,IJ-120,SA00995,627,13,0,1,PC,N148/18,0.36,149
2683615,IJ-120,SA01829,1,0,0,1,PC,N146/9,1.47,148
2683615,IJ-120,SA01829,324,6,0,1,PC,N146/9,1.47,148
2683615,IJ-120,SA01829,604,0,0,1,PC,N146/9,1.47,148
2683615,IJ-120,SA01829,617,9,0,1,PC,N146/9,1.47,148
2683615,IJ-120,SA01829,294,1,0,1,PC,N146/9,1.47,146
2683615,IJ-120,SA01829,22,0,0,1,PC,N146/9,1.47,146
2683615,IJ-120,SA01829,31,0,0,1,PC,N146/9,1.47,145
2683615,IJ-120,SA01829,581,0,0,1,PC,N146/9,1.47,145
2683615,IJ-120,SA01829,624,4,0,1,PC,N146/9,1.47,145
2684552,IJ-120,SA07321,210,5,0,1,PC,N148/18,1.9,145
2684552,IJ-120,SA07321,340,4,0,1,PC,N148/18,1.9,144
2684552,IJ-120,SA07321,538,3,0,1,PC,N148/18,1.9,144
2684552,IJ-120,SA07321,598,1,0,1,PC,N148/18,1.9,144
2684552,IJ-120,SA07321,506,2,0,1,PC,N148/18,1.9,143
2684719,IJ-120,SA07023,409,0,0,1,PC,N148/18,0.45,143
2684719,IJ-120,SA07023,539,12,0,1,PC,N148/18,0.45,143
2684719,IJ-120,SA07023,27,0,0,1,PC,N148/18,0.45,143
2684719,IJ-120,SA07023,269,12,0,1,PC,N148/18,0.45,142
2684719,IJ-120,SA07023,539,13,0,1,PC,N148/18,0.45,142
2684767,IJ-120,SA02371,444,0,0,1,PC,N148/18,0.185,142
2684767,IJ-120,SA02371,257,0,0,1,PC,N148/18,0.185,142
2684767,IJ-120,SA02371,451,0,0,1,PC,N148/18,0.185,141
2684767,IJ-120,SA02371,30,0,0,1,PC,N148/18,0.185,141
2684767,IJ-120,SA02371,625,0,0,1,PC,N148/18,0.185,141
2684767,IJ-120,SA02371,637,0,0,1,PC,N148/18,0.185,141
2684767,IJ-120,SA02371,390,5,0,1,PC,N148/18,0.185,139
2684767,IJ-120,SA02371,36,0,0,1,PC,N148/18,0.185,139
2684724,IJ-120,SA08320,315,0,0,1,PC,N148/18,1.695,138
2684724,IJ-120,SA08320,348,6,0,1,PC,N148/18,1.695,138
2684767,IJ-120,SA02371,162,1,0,1,PC,N148/18,0.185,138
2684767,IJ-120,SA02371,613,3,0,1,PC,N148/18,0.185,138
2684724,IJ-120,SA08320,313,3,0,1,PC,N148/18,1.695,137
2684724,IJ-120,SA08320,381,26,0,1,PC,N148/18,1.695,137
2684724,IJ-120,SA08320,570,5,0,1,PC,N148/18,1.695,137
2684724,IJ-120,SA08320,160,1,0,1,PC,N148/18,1.695,136
2684724,IJ-120,SA08320,396,2,0,1,PC,N148/18,1.695,136
2684724,IJ-120,SA08320,562,0,0,1,PC,N148/18,1.695,136
2685259,IJ-120,SA07073,167,0,0,1,PC,N148/18,0.49,136
2685259,IJ-120,SA07073,116,0,0,1,PC,N148/18,0.49,135
2685259,IJ-120,SA07073,377,4,0,1,PC,N148/18,0.49,134
2685259,IJ-120,SA07073,512,8,0,1,PC,N148/18,0.49,134
2685259,IJ-120,SA07073,463,33,0,1,PC,N148/18,0.49,134
2685259,IJ-120,SA07073,14,0,0,1,PC,N148/18,0.49,132
2685259,IJ-120,SA07073,8,0,0,1,PC,N148/18,0.49,132
2685259,IJ-120,SA07073,373,1,0,1,PC,N148/18,0.49,131
2685259,IJ-120,SA07073,519,3,0,1,PC,N148/18,0.49,131
2685259,IJ-120,SA07073,31,13,0,1,PC,N148/18,0.49,131
2685259,IJ-120,SA07073,16,0,0,1,PC,N148/18,0.49,130
2685314,IJ-120,SA00504,56,0,0,1,PC,N148/18,1.06,130
2685314,IJ-120,SA00504,520,15,0,1,PC,N148/18,1.06,130
2685314,IJ-120,SA00504,581,2,0,1,PC,N148/18,1.06,130
2685320,IJ-120,SA07126,284,1,0,1,PC,N148/18,0.555,130
2685320,IJ-120,SA07126,308,5,0,1,PC,N148/18,0.555,129
2685432,IJ-120,SA00913,48,0,0,1,PC,N148/18,1.236,129
2685433,IJ-120,SA01660,306,0,0,1,PC,N148/18,0.555,129
2685433,IJ-120,SA01660,617,7,0,1,PC,N148/18,0.555,129
2685433,IJ-120,SA01660,270,0,0,1,PC,N148/18,0.555,129
2685432,IJ-120,SA00913,272,0,0,1,PC,N148/18,1.236,128
2685432,IJ-120,SA00913,599,0,0,1,PC,N148/18,1.236,128
2685432,IJ-120,SA00913,636,0,0,1,PC,N148/18,1.236,128
2685545,IJ-120,SA08320,70,0,0,1,PC,N148/18,1.695,128
2685545,IJ-120,SA08320,370,0,0,1,PC,N148/18,1.695,127
2685545,IJ-120,SA08320,489,0,0,1,PC,N148/18,1.695,127
2685545,IJ-120,SA08320,491,0,0,1,PC,N148/18,1.695,127
2685545,IJ-120,SA08320,-4,4,0,1,PC,N148/18,1.695,126
2685434,IJ-120,SA01861,41,1,0,1,PC,N148/18,1.355,125
2685545,IJ-120,SA08320,192,15,0,1,PC,N148/18,1.695,125
2685545,IJ-120,SA08320,40,0,0,1,PC,N148/18,1.695,125
2685434,IJ-120,SA01861,418,18,0,1,PC,N148/18,1.355,124
2685434,IJ-120,SA01861,588,9,0,1,PC,N148/18,1.355,124
2685653,IJ-120,SA00793,405,0,0,1,PC,N148/18,0.9,124
2685653,IJ-120,SA00793,80,0,0,1,PC,N148/18,0.9,124
2685653,IJ-120,SA00793,282,1,0,1,PC,N148/18,0.9,123
2685653,IJ-120,SA00793,590,0,0,1,PC,N148/18,0.9,123
2685653,IJ-120,SA00793,622,13,0,1,PC,N148/18,0.9,123
2685725,IJ-120,SA02103,96,0,0,1,PC,N148/18,0.675,123
2685725,IJ-120,SA02103,1,0,0,1,PC,N148/18,0.675,122
2685774,IJ-120,SA08399,279,20,0,1,PC,N-142/67,1.81,122
2685774,IJ-120,SA08399,443,13,0,1,PC,N-142/67,1.81,122
2685774,IJ-120,SA08399,239,0,0,1,PC,N-142/67,1.81,122
2685774,IJ-120,SA08399,27,0,0,1,PC,N-142/67,1.81,121
2685774,IJ-120,SA08399,512,0,0,1,PC,N-142/67,1.81,121
2685774,IJ-120,SA08399,580,0,0,1,PC,N-142/67,1.81,121
2685800,IJ-120,SA07312,125,8,0,1,PC,N-142/67,1.645,121
2684222,IJ-120,SA01366,253,8,0,1,PC,N148/18,0.38,120
2685802,IJ-120,SA00498,161,0,0,1,PC,N148/18,1.62,120
2685802,IJ-120,SA00498,54,0,0,1,PC,N148/18,1.62,120
2685801,IJ-120,SA00913,137,15,0,1,PC,N148/18,1.236,120
2685801,IJ-120,SA00913,484,0,0,1,PC,N148/18,1.236,120
2685800,IJ-120,SA07312,12,0,0,1,PC,N-142/67,1.645,120
2684222,IJ-120,SA01366,81,0,0,1,PC,N148/18,0.38,119
2684222,IJ-120,SA01366,243,3,0,1,PC,N148/18,0.38,118
2684222,IJ-120,SA01366,16,0,0,1,PC,N148/18,0.38,118
2685877,IJ-120,SA07010,46,0,0,1,PC,N146/9,0.692,118
2685877,IJ-120,SA07010,368,1,0,1,PC,N146/9,0.692,117
2685877,IJ-120,SA07010,609,11,0,1,PC,N146/9,0.692,117
2685877,IJ-120,SA07010,513,3,0,1,PC,N146/9,0.692,117
2685959,IJ-120,SA00946,468,24,0,1,PC,N148/18,0.975,116
2685959,IJ-120,SA00946,547,10,0,1,PC,N148/18,0.975,116
2686100,IJ-120,SA02376,362,4,0,1,PC,N148/18,0.538,116
2686100,IJ-120,SA02376,393,0,0,1,PC,N148/18,0.538,115
2686100,IJ-120,SA02376,39,0,0,1,PC,N148/18,0.538,115
2686100,IJ-120,SA02376,607,0,0,1,PC,N148/18,0.538,115
2686100,IJ-120,SA02376,286,6,0,1,PC,N148/18,0.538,115
2686100,IJ-120,SA02376,400,0,0,1,PC,N148/18,0.538,110
2686100,IJ-120,SA02376,286,0,0,1,PC,N148/18,0.538,110
2686100,IJ-120,SA02376,180,0,0,1,PC,N148/18,0.538,109
2686100,IJ-120,SA02376,636,2,0,1,PC,N148/18,0.538,109
2686495,IJ-120,SA00995,221,0,0,1,PC,N148/18,0.36,109
2686495,IJ-120,SA00995,386,0,0,1,PC,N148/18,0.36,109
2686500,IJ-120,SA00228,90,5,0,1,PC,N148/18,1.384,109
2686500,IJ-120,SA00228,321,8,0,1,PC,N148/18,1.384,108
2686500,IJ-120,SA00228,459,0,0,1,PC,N148/18,1.384,108
2686500,IJ-120,SA00228,594,7,0,1,PC,N148/18,1.384,108
2686500,IJ-120,SA00228,58,0,0,1,PC,N148/18,1.384,107
2686500,IJ-120,SA00228,528,9,0,1,PC,N148/18,1.384,107
2686669,IJ-120,SA01918,154,0,0,1,PC,N148/18,1.645,107
2686669,IJ-120,SA01918,376,0,0,1,PC,N148/18,1.645,107
2686847,IJ-120,SA01805,119,0,0,1,PC,N148/18,1.353,107
2686847,IJ-120,SA01805,211,20,0,1,PC,N148/18,1.353,106
2686893,IJ-120,SA02693,309,12,0,1,PC,N148/18,1.2,106
2686893,IJ-120,SA02693,148,0,0,1,PC,N148/18,1.2,106
2686893,IJ-120,SA02693,362,0,0,1,PC,N148/18,1.2,105
2686893,IJ-120,SA02693,44,0,0,1,PC,N148/18,1.2,105
2686893,IJ-120,SA02693,189,6,0,1,PC,N148/18,1.2,104
2686893,IJ-120,SA02693,33,0,0,1,PC,N148/18,1.2,104
2686893,IJ-120,SA02693,51,0,0,1,PC,N148/18,1.2,103
2686893,IJ-120,SA02693,20,0,0,1,PC,N148/18,1.2,103
2686893,IJ-120,SA02693,31,5,0,1,PC,N148/18,1.2,103
2686976,IJ-120,SA02415,314,7,0,1,PC,N148/18,0.617,103
2686893,IJ-120,SA02693,246,6,0,1,PC,N148/18,1.2,102
2686893,IJ-120,SA02693,82,3,0,1,PC,N148/18,1.2,102
2686893,IJ-120,SA02693,278,0,0,1,PC,N148/18,1.2,102
2686893,IJ-120,SA02693,32,0,0,1,PC,N148/18,1.2,102
2686976,IJ-120,SA02415,110,4,0,1,PC,N148/18,0.617,102
2686975,IJ-120,SA07126,299,18,0,1,PC,N148/18,0.555,102
2686893,IJ-120,SA02693,34,0,0,1,PC,N148/18,1.2,101
2686893,IJ-120,SA02693,382,12,0,1,PC,N148/18,1.2,100
2686893,IJ-120,SA02693,556,0,0,1,PC,N148/18,1.2,100
2686893,IJ-120,SA02693,605,13,0,1,PC,N148/18,1.2,100
2686893,IJ-120,SA02693,333,5,0,1,PC,N148/18,1.2,99
2686893,IJ-120,SA02693,515,0,0,1,PC,N148/18,1.2,99
2686893,IJ-120,SA02693,513,19,0,1,PC,N148/18,1.2,99
2686893,IJ-120,SA02693,368,13,0,1,PC,N148/18,1.2,98
2686893,IJ-120,SA02693,388,3,0,1,PC,N148/18,1.2,96
2686893,IJ-120,SA02693,586,0,0,1,PC,N148/18,1.2,96
2686893,IJ-120,SA02693,618,5,0,1,PC,N148/18,1.2,96
2686893,IJ-120,SA02693,38,0,0,1,PC,N148/18,1.2,95
2686893,IJ-120,SA02693,628,0,0,1,PC,N148/18,1.2,95
2687277,IJ-120,SA07312,248,14,0,1,PC,N-142/67,1.645,95
2687277,IJ-120,SA07312,228,0,0,1,PC,N-142/67,1.645,95
2687277,IJ-120,SA07312,102,8,0,1,PC,N-142/67,1.645,94
2687343,IJ-120,SA00834,387,1,0,1,PC,N146/9,1.022,94
2687343,IJ-120,SA00834,600,0,0,1,PC,N146/9,1.022,94
2687343,IJ-120,SA00834,159,10,0,1,PC,N146/9,1.022,94
2687343,IJ-120,SA00834,419,1,0,1,PC,N146/9,1.022,93
2687343,IJ-120,SA00834,612,7,0,1,PC,N146/9,1.022,93
2687343,IJ-120,SA00834,618,6,0,1,PC,N146/9,1.022,93
2687343,IJ-120,SA00834,437,0,0,1,PC,N146/9,1.022,92
2687436,IJ-120,SA01742,445,0,0,1,PC,N146/9,0.68,92
2687436,IJ-120,SA01742,391,0,0,1,PC,N146/9,0.68,92
2687444,IJ-120,SA00504,215,0,0,1,PC,N148/18,1.06,92
2687444,IJ-120,SA00504,65,0,0,1,PC,N148/18,1.06,92
2687436,IJ-120,SA01742,409,5,0,1,PC,N146/9,0.68,90
2687436,IJ-120,SA01742,33,0,0,1,PC,N146/9,0.68,90
2687436,IJ-120,SA01742,50,3,0,1,PC,N146/9,0.68,89
2687436,IJ-120,SA01742,654,0,0,1,PC,N146/9,0.68,89
2687436,IJ-120,SA01742,622,0,0,1,PC,N146/9,0.68,89
2687531,IJ-120,SA08400,237,4,0,1,PC,N148/18,0.55,89
2687531,IJ-120,SA08400,12,0,0,1,PC,N148/18,0.55,88
2687531,IJ-120,SA08400,543,3,0,1,PC,N148/18,0.55,88
2687594,IJ-120,SA03391,426,0,0,1,PC,N148/18,0.71,88
2687594,IJ-120,SA03391,556,0,0,1,PC,N148/18,0.71,88
2687594,IJ-120,SA03391,403,5,0,1,PC,N148/18,0.71,87
2687594,IJ-120,SA03391,662,0,0,1,PC,N148/18,0.71,87
2687594,IJ-120,SA03391,616,2,0,1,PC,N148/18,0.71,87
2687565,IJ-120,SA01923,421,0,0,1,PC,N148/18,1.54,86
2687565,IJ-120,SA01923,541,0,0,1,PC,N148/18,1.54,86
2687565,IJ-120,SA01923,560,0,0,1,PC,N148/18,1.54,86
2687594,IJ-120,SA03391,31,0,0,1,PC,N148/18,0.71,86
2687565,IJ-120,SA01923,350,0,0,1,PC,N148/18,1.54,85
2687565,IJ-120,SA01923,600,5,0,1,PC,N148/18,1.54,85
2687565,IJ-120,SA01923,624,0,0,1,PC,N148/18,1.54,85
2687565,IJ-120,SA01923,374,4,0,1,PC,N148/18,1.54,83
2687565,IJ-120,SA01923,14,0,0,1,PC,N148/18,1.54,83
2687565,IJ-120,SA01923,240,0,0,1,PC,N148/18,1.54,82
2688241,IJ-120,SA02693,406,2,0,1,PC,N148/18,1.2,82
2688241,IJ-120,SA02693,582,0,0,1,PC,N148/18,1.2,82
2688241,IJ-120,SA02693,277,3,0,1,PC,N148/18,1.2,82
2688241,IJ-120,SA02693,406,0,0,1,PC,N148/18,1.2,81
2688241,IJ-120,SA02693,528,0,0,1,PC,N148/18,1.2,81
2688241,IJ-120,SA02693,623,0,0,1,PC,N148/18,1.2,81
2688241,IJ-120,SA02693,257,1,0,1,PC,N148/18,1.2,80
2688241,IJ-120,SA02693,556,0,0,1,PC,N148/18,1.2,80
2688241,IJ-120,SA02693,609,3,0,1,PC,N148/18,1.2,80
2688423,IJ-120,SA07065,91,1,0,1,PC,N148/18,1.09,80
2688423,IJ-120,SA07065,402,1,0,1,PC,N148/18,1.09,79
2688423,IJ-120,SA07065,640,0,0,1,PC,N148/18,1.09,79
2688423,IJ-120,SA07065,628,7,0,1,PC,N148/18,1.09,79
2688423,IJ-120,SA07065,488,3,0,1,PC,N148/18,1.09,78
2688720,IJ-120,SA00912,62,0,0,1,PC,N148/18,1.025,78
2688720,IJ-120,SA00912,62,11,0,1,PC,N148/18,1.025,78
2688722,IJ-120,SA03681,1,0,0,1,PC,N148/18,1.0,78
2688722,IJ-120,SA03681,409,4,0,1,PC,N148/18,1.0,78
2688722,IJ-120,SA03681,452,0,0,1,PC,N148/18,1.0,78
2688722,IJ-120,SA03681,442,5,0,1,PC,N148/18,1.0,77
2688724,IJ-120,SA00793,100,6,0,1,PC,N148/18,0.9,76
2688722,IJ-120,SA03681,184,1,0,1,PC,N148/18,1.0,76
2688722,IJ-120,SA03681,7,0,0,1,PC,N148/18,1.0,76
2688724,IJ-120,SA00793,290,0,0,1,PC,N148/18,0.9,75
2688724,IJ-120,SA00793,628,11,0,1,PC,N148/18,0.9,75
2688721,IJ-120,SA02415,113,0,0,1,PC,N148/18,0.617,75
2688721,IJ-120,SA02415,310,0,0,1,PC,N148/18,0.617,75
2688721,IJ-120,SA02415,535,0,0,1,PC,N148/18,0.617,74
2688721,IJ-120,SA02415,629,6,0,1,PC,N148/18,0.617,74
2688979,IJ-120,SA00734,411,0,0,1,PC,N148/18,0.805,74
2688960,IJ-120,SA08320,388,0,0,1,PC,N148/18,1.695,73
2688960,IJ-120,SA08320,32,0,0,1,PC,N148/18,1.695,73
2688979,IJ-120,SA00734,473,0,0,1,PC,N148/18,0.805,73
2688979,IJ-120,SA00734,619,8,0,1,PC,N148/18,0.805,73
2688960,IJ-120,SA08320,328,4,0,1,PC,N148/18,1.695,72
2688960,IJ-120,SA08320,466,0,0,1,PC,N148/18,1.695,72
2688960,IJ-120,SA08320,515,19,0,1,PC,N148/18,1.695,72
2688960,IJ-120,SA08320,21,0,0,1,PC,N148/18,1.695,71
2688960,IJ-120,SA08320,439,0,0,1,PC,N148/18,1.695,71
2688960,IJ-120,SA08320,569,8,0,1,PC,N148/18,1.695,71
2688960,IJ-120,SA08320,26,0,0,1,PC,N148/18,1.695,69
2688960,IJ-120,SA08320,16,0,0,1,PC,N148/18,1.695,69
2688960,IJ-120,SA08320,4,0,0,1,PC,N148/18,1.695,67
2689120,IJ-120,SA00913,399,2,0,1,PC,N148/18,1.236,67
2689120,IJ-120,SA00913,336,0,0,1,PC,N148/18,1.236,67
2689120,IJ-120,SA00913,145,0,0,1,PC,N148/18,1.236,66
2689120,IJ-120,SA00913,616,0,0,1,PC,N148/18,1.236,66
2689120,IJ-120,SA00913,550,1,0,1,PC,N148/18,1.236,66
2689290,IJ-120,SA01422,219,2,0,1,PC,N148/18,0.837,66
2689282,IJ-120,SA00498,278,2,0,1,PC,N148/18,1.62,65
2689282,IJ-120,SA00498,54,0,0,1,PC,N148/18,1.62,65
2689282,IJ-120,SA00498,228,0,0,1,PC,N148/18,1.62,65
2689290,IJ-120,SA01422,184,0,0,1,PC,N148/18,0.837,65
2689290,IJ-120,SA01422,605,0,0,1,PC,N148/18,0.837,65
2689354,IJ-120,SA08321,26,0,0,1,PC,N148/18,0.89,65
2689354,IJ-120,SA08321,283,0,0,1,PC,N148/18,0.89,64
2689354,IJ-120,SA08321,572,0,0,1,PC,N148/18,0.89,64
2689354,IJ-120,SA08321,616,11,0,1,PC,N148/18,0.89,64
2689354,IJ-120,SA08321,8,0,0,1,PC,N148/18,0.89,61
2689345,IJ-120,SA00504,544,0,0,1,PC,N148/18,1.06,60
2689345,IJ-120,SA00504,279,1,0,1,PC,N148/18,1.06,60
2689354,IJ-120,SA08321,339,0,0,1,PC,N148/18,0.89,60
2689430,IJ-120,SA01918,306,4,0,1,PC,N148/18,1.645,60
2689430,IJ-120,SA01918,306,1,0,1,PC,N148/18,1.645,59
2689476,IJ-120,SA01660,388,1,0,1,PC,N148/18,0.555,59
2689476,IJ-120,SA01660,616,0,0,1,PC,N148/18,0.555,59
2689476,IJ-120,SA01660,273,0,0,1,PC,N148/18,0.555,59
2689476,IJ-120,SA01660,252,0,0,1,PC,N148/18,0.555,58
2689518,IJ-120,SA08321,382,0,0,1,PC,N148/18,0.89,58
2689518,IJ-120,SA08321,565,0,0,1,PC,N148/18,0.89,58
2689518,IJ-120,SA08321,310,4,0,1,PC,N148/18,0.89,58
2689518,IJ-120,SA08321,263,0,0,1,PC,N148/18,0.89,57
2689518,IJ-120,SA08321,517,12,0,1,PC,N148/18,0.89,57
2689568,IJ-120,SA03681,136,0,0,1,PC,N148/18,1.0,57
2689568,IJ-120,SA03681,160,0,0,1,PC,N148/18,1.0,57
2689567,IJ-120,SA07380,150,7,0,1,PC,N148/18,0.53,57
2689567,IJ-120,SA07380,3,0,0,1,PC,N148/18,0.53,54
2689567,IJ-120,SA07380,70,0,0,1,PC,N148/18,0.53,53
2689567,IJ-120,SA07380,259,28,0,1,PC,N148/18,0.53,53
2689879,IJ-120,SA08400,325,7,0,1,PC,N148/18,0.55,53
2689879,IJ-120,SA08400,410,0,0,1,PC,N148/18,0.55,53
2689879,IJ-120,SA08400,112,0,0,1,PC,N148/18,0.55,52
2689879,IJ-120,SA08400,613,0,0,1,PC,N148/18,0.55,52
2689879,IJ-120,SA08400,628,0,0,1,PC,N148/18,0.55,52
2689988,IJ-120,SA01695,233,0,0,1,PC,N148/18,0.452,52
2689988,IJ-120,SA01695,572,0,0,1,PC,N148/18,0.452,51
2689988,IJ-120,SA01695,627,0,0,1,PC,N148/18,0.452,51
2690155,IJ-120,SA07312,161,31,0,1,PC,N-142/67,1.645,51
2690155,IJ-120,SA07312,7,0,0,1,PC,N-142/67,1.645,51
2690155,IJ-120,SA07312,260,0,0,1,PC,N-142/67,1.645,50
2690155,IJ-120,SA07312,191,4,0,1,PC,N-142/67,1.645,50
2690195,IJ-120,SA08395,318,6,0,1,PC,N-142/67,2.869,50
2690195,IJ-120,SA08395,207,11,0,1,PC,N-142/67,2.869,48
2690195,IJ-120,SA08395,36,0,0,1,PC,N-142/67,2.869,48
2690195,IJ-120,SA08395,336,0,0,1,PC,N-142/67,2.869,47
2690195,IJ-120,SA08395,531,13,0,1,PC,N-142/67,2.869,47
2690279,IJ-120,SA00880,329,2,0,1,PC,N148/18,0.795,47
2690279,IJ-120,SA00880,4,0,0,1,PC,N148/18,0.795,47
2690279,IJ-120,SA00880,235,5,0,1,PC,N148/18,0.795,46
2690466,IJ-120,SA02374,391,1,0,1,PC,N148/18,0.298,46
2690466,IJ-120,SA02374,598,0,0,1,PC,N148/18,0.298,46
2690466,IJ-120,SA02374,362,0,0,1,PC,N148/18,0.298,46
2690466,IJ-120,SA02374,3,0,0,1,PC,N148/18,0.298,46
2690466,IJ-120,SA02374,420,2,0,1,PC,N148/18,0.298,45
2690466,IJ-120,SA02374,656,0,0,1,PC,N148/18,0.298,45
2690466,IJ-120,SA02374,559,0,0,1,PC,N148/18,0.298,45
2689861,IJ-120,SA02845,249,22,0,1,PC,F420/293,1.54,44
2689861,IJ-120,SA02845,115,70,0,1,PC,F420/293,1.54,44
2690466,IJ-120,SA02374,341,4,0,1,PC,N148/18,0.298,44
2689861,IJ-120,SA02845,111,18,0,1,PC,F420/293,1.54,43
2690466,IJ-120,SA02374,236,13,0,1,PC,N148/18,0.298,41
2690466,IJ-120,SA02374,326,0,0,1,PC,N148/18,0.298,40
2690674,IJ-120,SA01923,409,0,0,1,PC,N148/18,1.54,40
2690674,IJ-120,SA01923,624,0,0,1,PC,N148/18,1.54,40
2690674,IJ-120,SA01923,262,5,0,1,PC,N148/18,1.54,40
2690674,IJ-120,SA01923,185,0,0,1,PC,N148/18,1.54,39
2690737,IJ-120,SA07088,408,0,0,1,PC,N-142/67,0.795,39
2690737,IJ-120,SA07088,389,2,0,1,PC,N-142/67,0.795,39
2690748,IJ-120,SA08399,342,2,0,1,PC,N-142/67,1.81,39
2690748,IJ-120,SA08399,151,0,0,1,PC,N-142/67,1.81,39
2690748,IJ-120,SA08399,369,0,0,1,PC,N-142/67,1.81,38
2690748,IJ-120,SA08399,580,15,0,1,PC,N-142/67,1.81,38
2690774,IJ-120,SA02298,402,2,0,1,PC,N148/18,0.82,38
2690774,IJ-120,SA02298,125,0,0,1,PC,N148/18,0.82,38
2690774,IJ-120,SA02298,131,0,0,1,PC,N148/18,0.82,37
2690793,IJ-120,SA02020,392,0,0,1,PC,N148/18,2.18,37
2690793,IJ-120,SA02020,538,0,0,1,PC,N148/18,2.18,37
2690793,IJ-120,SA02020,417,9,0,1,PC,N148/18,2.18,37
2690793,IJ-120,SA02020,363,3,0,1,PC,N148/18,2.18,36
2690793,IJ-120,SA02020,559,0,0,1,PC,N148/18,2.18,36
2690793,IJ-120,SA02020,535,0,0,1,PC,N148/18,2.18,36
2690793,IJ-120,SA02020,363,2,0,1,PC,N148/18,2.18,34
2690793,IJ-120,SA02020,42,0,0,1,PC,N148/18,2.18,34
2690793,IJ-120,SA02020,377,1,0,1,PC,N148/18,2.18,33
2690793,IJ-120,SA02020,538,0,0,1,PC,N148/18,2.18,33
2690793,IJ-120,SA02020,621,1,0,1,PC,N148/18,2.18,33
2690793,IJ-120,SA02020,380,0,0,1,PC,N148/18,2.18,32
2690793,IJ-120,SA02020,531,14,0,1,PC,N148/18,2.18,32
2690793,IJ-120,SA02020,622,0,0,1,PC,N148/18,2.18,32
2690793,IJ-120,SA02020,102,0,0,1,PC,N148/18,2.18,31
2690793,IJ-120,SA02020,610,0,0,1,PC,N148/18,2.18,31
2690994,IJ-120,SA07010,435,4,0,1,PC,N146/9,0.692,31
2690994,IJ-120,SA07010,428,0,0,1,PC,N146/9,0.692,31
2690995,IJ-120,SA01801,628,0,0,1,PC,N146/9,1.59,30
2690995,IJ-120,SA01801,435,0,0,1,PC,N146/9,1.59,30
2690994,IJ-120,SA07010,169,0,0,1,PC,N146/9,0.692,30
2691017,IJ-120,SA08399,259,1,0,1,PC,N-142/67,1.81,30
2691017,IJ-120,SA08399,103,0,0,1,PC,N-142/67,1.81,29
2691017,IJ-120,SA08399,431,0,0,1,PC,N-142/67,1.81,29
2691017,IJ-120,SA08399,446,0,0,1,PC,N-142/67,1.81,29
2691078,IJ-120,SA02690,191,0,0,1,PC,N-142/67,2.86,29
2691078,IJ-120,SA02690,332,3,0,1,PC,N-142/67,2.86,27
2691078,IJ-120,SA02690,36,0,0,1,PC,N-142/67,2.86,27
2691078,IJ-120,SA02690,18,0,0,1,PC,N-142/67,2.86,27
2691078,IJ-120,SA02690,364,0,0,1,PC,N-142/67,2.86,26
2691078,IJ-120,SA02690,553,0,0,1,PC,N-142/67,2.86,26
2691078,IJ-120,SA02690,595,0,0,1,PC,N-142/67,2.86,26
2691078,IJ-120,SA02690,373,0,0,1,PC,N-142/67,2.86,25
2691078,IJ-120,SA02690,589,0,0,1,PC,N-142/67,2.86,25
2691142,IJ-120,SA00498,369,10,0,1,PC,N148/18,1.62,25
2691142,IJ-120,SA00498,7,0,0,1,PC,N148/18,1.62,25
2691142,IJ-120,SA00498,103,9,0,1,PC,N148/18,1.62,25
2691075,IJ-120,SA07395,51,0,0,1,PC,N148/18,1.26,24
2691142,IJ-120,SA00498,96,0,0,1,PC,N148/18,1.62,24
2691212,IJ-120,SA08400,38,0,0,1,PC,N148/18,0.55,24
2691212,IJ-120,SA08400,314,0,0,1,PC,N148/18,0.55,24
2691259,IJ-120,SA07126,394,7,0,1,PC,N148/18,0.555,24
2691259,IJ-120,SA07126,145,0,0,1,PC,N148/18,0.555,24
2691259,IJ-120,SA07126,436,0,0,1,PC,N148/18,0.555,23
2691259,IJ-120,SA07126,647,0,0,1,PC,N148/18,0.555,23
2691259,IJ-120,SA07126,627,15,0,1,PC,N148/18,0.555,23
2691259,IJ-120,SA07126,388,0,0,1,PC,N148/18,0.555,22
2691259,IJ-120,SA07126,592,0,0,1,PC,N148/18,0.555,22
2691259,IJ-120,SA07126,649,0,0,1,PC,N148/18,0.555,22
2691259,IJ-120,SA07126,339,11,0,1,PC,N148/18,0.555,20
2691259,IJ-120,SA07126,198,0,0,1,PC,N148/18,0.555,19
2691773,IJ-120,SA00912,377,5,0,1,PC,N148/18,1.025,19
2691773,IJ-120,SA00912,639,0,0,1,PC,N148/18,1.025,19
2691773,IJ-120,SA00912,385,0,0,1,PC,N148/18,1.025,19
2691436,IJ-120,SA01963,167,3,0,1,PC,N148/18,0.35,18
2691773,IJ-120,SA00912,230,1,0,1,PC,N148/18,1.025,18
2691773,IJ-120,SA00912,568,0,0,1,PC,N148/18,1.025,18
2691773,IJ-120,SA00912,20,0,0,1,PC,N148/18,1.025,18
2691773,IJ-120,SA00912,592,0,0,1,PC,N148/18,1.025,18
2691436,IJ-120,SA01963,305,0,0,1,PC,N148/18,0.35,17
2691436,IJ-120,SA01963,622,0,0,1,PC,N148/18,0.35,17
2691989,IJ-120,SA01805,311,15,0,1,PC,N148/18,1.353,17
2691989,IJ-120,SA01805,203,0,0,1,PC,N148/18,1.353,17
2691649,IJ-120,SA02374,337,29,0,1,PC,N148/18,0.298,16
2691649,IJ-120,SA02374,560,0,0,1,PC,N148/18,0.298,16
2691649,IJ-120,SA02374,368,9,0,1,PC,N148/18,0.298,16
2691989,IJ-120,SA01805,187,0,0,1,PC,N148/18,1.353,16
2691649,IJ-120,SA02374,326,8,0,1,PC,N148/18,0.298,15
2691649,IJ-120,SA02374,469,0,0,1,PC,N148/18,0.298,15
2691649,IJ-120,SA02374,628,15,0,1,PC,N148/18,0.298,15
2691649,IJ-120,SA02374,366,4,0,1,PC,N148/18,0.298,13
2691649,IJ-120,SA02374,36,0,0,1,PC,N148/18,0.298,13
2691649,IJ-120,SA02374,6,0,0,1,PC,N148/18,0.298,13
2691460,IJ-120,SA01923,382,2,0,1,PC,N148/18,1.54,12
2691460,IJ-120,SA01923,549,22,0,1,PC,N148/18,1.54,12
2691460,IJ-120,SA01923,141,0,0,1,PC,N148/18,1.54,12
2691460,IJ-120,SA01923,383,0,0,1,PC,N148/18,1.54,12
2691649,IJ-120,SA02374,19,0,0,1,PC,N148/18,0.298,12
2691460,IJ-120,SA01923,405,0,0,1,PC,N148/18,1.54,11
2691460,IJ-120,SA01923,598,0,0,1,PC,N148/18,1.54,11
2691460,IJ-120,SA01923,629,0,0,1,PC,N148/18,1.54,11
2691460,IJ-120,SA01923,391,1,0,1,PC,N148/18,1.54,10
2691460,IJ-120,SA01923,495,0,0,1,PC,N148/18,1.54,10
2691460,IJ-120,SA01923,655,0,0,1,PC,N148/18,1.54,10
2691460,IJ-120,SA01923,139,0,0,1,PC,N148/18,1.54,9
2692099,IJ-120,SA00995,302,13,0,1,PC,N148/18,0.36,9
2692099,IJ-120,SA00995,471,0,0,1,PC,N148/18,0.36,9
2692099,IJ-120,SA00995,336,0,0,1,PC,N148/18,0.36,9
2692339,IJ-120,SA00618,6,12,0,1,PC,N148/18,1.97,9
2691275,IJ-120,SA00498,140,0,0,1,PC,N148/18,1.62,8
2691429,IJ-120,SA00946,69,21,0,1,PC,N148/18,0.975,8
2691429,IJ-120,SA00946,265,0,0,1,PC,N148/18,0.975,8
2692099,IJ-120,SA00995,77,0,0,1,PC,N148/18,0.36,8
2692562,IJ-120,SA01918,14,0,0,1,PC,N148/18,1.645,8
2691429,IJ-120,SA00946,57,10,0,1,PC,N148/18,0.975,6
2691429,IJ-120,SA00946,32,0,0,1,PC,N148/18,0.975,6
2691429,IJ-120,SA00946,4,0,0,1,PC,N148/18,0.975,6
2691429,IJ-120,SA00946,4,0,0,1,PC,N148/18,0.975,5
2692622,IJ-120,SA02020,318,2,0,1,PC,N148/18,2.18,5
2692622,IJ-120,SA02020,530,0,0,1,PC,N148/18,2.18,5
2692622,IJ-120,SA02020,162,0,0,1,PC,N148/18,2.18,5
2692622,IJ-120,SA02020,319,2,0,1,PC,N148/18,2.18,4
2692622,IJ-120,SA02020,472,0,0,1,PC,N148/18,2.18,4
2692622,IJ-120,SA02020,487,0,0,1,PC,N148/18,2.18,4
2691777,IJ-120,SA08395,259,2,0,1,PC,N-142/67,2.869,3
2691777,IJ-120,SA08395,435,0,0,1,PC,N-142/67,2.869,3
2691777,IJ-120,SA08395,268,0,0,1,PC,N-142/67,2.869,3
2691990,IJ-120,SA00013,11,0,0,1,PC,N-142/67,1.45,3
2692622,IJ-120,SA02020,214,0,0,1,PC,N148/18,2.18,3
2691990,IJ-120,SA00013,357,3,0,1,PC,N-142/67,1.45,2
2691990,IJ-120,SA00013,511,0,0,1,PC,N-142/67,1.45,2
2691990,IJ-120,SA00013,490,0,0,1,PC,N-142/67,1.45,2
2691990,IJ-120,SA00013,368,0,0,1,PC,N-142/67,1.45,1
2691990,IJ-120,SA00013,570,0,0,1,PC,N-142/67,1.45,1
2692340,IJ-120,SA07312,126,0,0,1,PC,N-142/67,1.645,1
2692340,IJ-120,SA07312,1,0,0,1,PC,N-142/67,1.645,1
