Data de Produção Acumulada,Cod. Ordem,Cod Recurso,Cod Produto,Qt. Total Acumulada Produzida até a data específica,Qt. Acumulada Refugada até a data específica,Qtd. Acumulada total Retrabalhada até a data específica,Fator Un.,Cód. Un.,Descrição da massa (Composto),Consumo total de Massa Acumulada,Tempo Restante para Manutenção
2023-02-16,8054353,IJ-118,SA02004,247,87,12,1.0,PC,N-142/67,1.1388731352981338,-361
2023-03-08,1903014,IJ-046,SA02004,401,58,27,1.0,PC,P212/1,0.6475062352427772,-341
2023-11-22,6525495,IJ-046,SA05780,868,69,32,1.0,PC,N-142/67,0.5044365304908526,-82
2023-03-24,9288788,IJ-046,SA02004,373,59,19,1.0,PC,P212/1,1.4811975790305314,-325
2023-05-14,9371501,IJ-118,SA05780,253,87,16,1.0,PC,P212/1,0.5648808698102403,-274
2023-10-03,3909167,IJ-117,SA05780,153,93,3,1.0,PC,P212/1,1.1592982108914187,-132
2023-05-27,6092911,IJ-118,SA02004,482,32,45,1.0,PC,N-142/67,1.3012503398339952,-261
2023-09-24,1666997,IJ-046,SA02961,909,5,25,1.0,PC,N-142/67,1.4652107244645256,-141
2023-06-19,5150452,IJ-118,SA02004,895,76,10,1.0,PC,N-142/67,1.3305621075950502,-238
2023-11-20,6234823,IJ-118,SA02961,687,63,31,1.0,PC,P212/1,1.2832237474874444,-84
2023-05-02,5728382,IJ-117,SA02004,758,60,20,1.0,PC,P212/1,0.8510705836517538,-286
2023-09-30,9139289,IJ-118,SA02004,447,73,37,1.0,PC,N-142/67,0.7518428651657214,-135
2023-04-09,2520781,IJ-118,SA02004,716,10,49,1.0,PC,P212/1,0.9321524520989587,-309
2023-01-03,4265751,IJ-117,SA05780,237,64,27,1.0,PC,N-142/67,0.6468628470826423,-405
2023-12-14,5936866,IJ-117,SA02004,320,22,37,1.0,PC,P212/1,0.565029002618404,-60
2023-11-03,7419688,IJ-117,SA02961,512,59,11,1.0,PC,P212/1,1.1053765137719123,-101
2023-05-18,9244240,IJ-117,SA02961,816,4,39,1.0,PC,P212/1,0.6889632836289274,-270
2023-02-23,4923855,IJ-046,SA02961,882,59,29,1.0,PC,N-142/67,1.332443276838944,-354
2023-08-24,2050236,IJ-117,SA02004,772,83,43,1.0,PC,N-142/67,1.4652145141402395,-172
2023-06-22,8827905,IJ-046,SA02004,257,32,2,1.0,PC,P212/1,1.398674489988107,-235
2023-11-30,2858699,IJ-046,SA02004,148,50,17,1.0,PC,N-142/67,0.5779786271661939,-74
2023-09-07,8902136,IJ-046,SA02961,619,52,29,1.0,PC,P212/1,0.7713732123833716,-158
2023-01-18,4894933,IJ-118,SA02961,125,7,34,1.0,PC,N-142/67,0.7689377884552311,-390
2023-09-11,3268361,IJ-118,SA05780,677,21,8,1.0,PC,P212/1,0.5123845457902361,-154
2023-05-26,7158025,IJ-117,SA02961,686,84,43,1.0,PC,N-142/67,0.7112753288916629,-262
2023-12-29,1834438,IJ-118,SA05780,654,15,19,1.0,PC,P212/1,0.7163562240402694,-45
2023-01-26,4187915,IJ-117,SA02961,436,44,26,1.0,PC,N-142/67,0.7159953881500613,-382
2023-12-29,4005854,IJ-046,SA05780,954,43,45,1.0,PC,P212/1,1.4324405695851936,-45
2023-01-16,1265564,IJ-118,SA05780,961,39,36,1.0,PC,P212/1,1.1544513419806453,-392
2023-11-11,5992392,IJ-118,SA02004,122,66,15,1.0,PC,N-142/67,0.923508061930346,-93
2023-07-17,3535395,IJ-117,SA02961,414,57,44,1.0,PC,P212/1,0.919356041113152,-210
2023-04-11,8009878,IJ-117,SA02004,97,70,18,1.0,PC,P212/1,1.3195610585904196,-307
2023-12-13,4968456,IJ-046,SA02004,140,32,48,1.0,PC,P212/1,0.8056099386765837,-61
2023-10-01,6288242,IJ-046,SA05780,760,26,16,1.0,PC,P212/1,1.2361297373651015,-134
2023-06-28,4046723,IJ-118,SA02004,736,27,30,1.0,PC,P212/1,1.1491349030106566,-229
2023-09-23,5739336,IJ-118,SA05780,241,69,42,1.0,PC,P212/1,0.7712618764152104,-142
2023-08-01,7359400,IJ-117,SA05780,32,22,7,1.0,PC,N-142/67,1.1080915535609224,-195
2023-06-23,9356472,IJ-118,SA02961,256,97,41,1.0,PC,P212/1,0.8719531448336014,-234
2023-03-03,3382602,IJ-117,SA02961,80,68,5,1.0,PC,P212/1,0.9548186295252136,-346
2023-06-24,8071953,IJ-046,SA02961,327,8,32,1.0,PC,N-142/67,1.348619615546025,-233
2023-03-29,3036648,IJ-046,SA02004,103,92,13,1.0,PC,N-142/67,1.1401431646798332,-320
2023-05-05,4898281,IJ-046,SA05780,789,62,23,1.0,PC,N-142/67,1.35017335152265,-283
2023-05-22,6159519,IJ-118,SA02004,653,75,29,1.0,PC,N-142/67,0.5505304444442586,-266
2023-07-18,8611100,IJ-118,SA02004,649,24,5,1.0,PC,N-142/67,0.63907124229673,-209
2023-01-24,6957728,IJ-117,SA05780,153,14,3,1.0,PC,N-142/67,0.9425933718646526,-384
2023-04-28,2570218,IJ-046,SA02004,335,14,45,1.0,PC,N-142/67,0.5054597825946784,-290
2023-06-26,3439644,IJ-118,SA02961,260,93,13,1.0,PC,N-142/67,1.37008491941907,-231
2023-10-28,1617129,IJ-117,SA02004,254,1,29,1.0,PC,N-142/67,0.7985700158037664,-107
2023-05-29,2998854,IJ-117,SA02961,269,53,34,1.0,PC,N-142/67,0.9239756286250667,-259
2023-04-19,6065445,IJ-118,SA02961,674,12,11,1.0,PC,N-142/67,0.8371632867974614,-299
2023-12-26,2711630,IJ-118,SA05780,209,2,13,1.0,PC,P212/1,1.17762827436136,-48
2023-02-17,8096451,IJ-118,SA05780,821,88,39,1.0,PC,N-142/67,1.0950045383747304,-360
2023-03-07,3329139,IJ-118,SA05780,258,7,38,1.0,PC,N-142/67,1.0125556892592824,-342
2023-06-06,1271170,IJ-117,SA02004,880,29,45,1.0,PC,N-142/67,0.9788791126708418,-251
2023-03-19,3626502,IJ-117,SA02961,261,87,20,1.0,PC,P212/1,1.395013139998409,-330
2023-12-11,7466371,IJ-118,SA02004,995,35,18,1.0,PC,N-142/67,1.366689982414258,-63
2023-11-25,6879212,IJ-118,SA02004,454,49,31,1.0,PC,N-142/67,0.8199766345247199,-79
2023-07-05,4545196,IJ-117,SA02961,91,42,37,1.0,PC,P212/1,1.273580903435425,-222
2023-02-22,8364073,IJ-046,SA05780,565,30,32,1.0,PC,N-142/67,0.8506535995319734,-355
2023-08-26,6478310,IJ-046,SA02004,973,86,40,1.0,PC,P212/1,1.3377763507243623,-170
2023-01-01,9012756,IJ-117,SA02004,798,28,39,1.0,PC,N-142/67,0.9831520687897204,-407
2023-01-02,1776127,IJ-118,SA02961,556,30,24,1.0,PC,P212/1,0.9811793591466802,-406
2023-10-07,7882370,IJ-118,SA05780,144,73,21,1.0,PC,N-142/67,1.2178660618756978,-128
2023-11-07,1449624,IJ-046,SA02961,39,22,37,1.0,PC,P212/1,1.3452661911249173,-97
2023-01-02,6571021,IJ-117,SA05780,871,85,28,1.0,PC,N-142/67,0.9632377310468068,-406
2023-10-22,1936682,IJ-118,SA02004,257,43,6,1.0,PC,P212/1,0.6531102908226468,-113
2023-12-02,3998657,IJ-046,SA02004,358,86,4,1.0,PC,N-142/67,1.4797707673549243,-72
2023-04-01,1760819,IJ-046,SA02004,353,87,37,1.0,PC,N-142/67,1.206477411269216,-317
2023-09-14,2781013,IJ-046,SA05780,68,92,28,1.0,PC,P212/1,0.543132368508219,-151
2023-12-25,2376456,IJ-117,SA05780,918,40,38,1.0,PC,N-142/67,0.7413247234243675,-49
2023-02-22,7739493,IJ-118,SA05780,408,78,43,1.0,PC,P212/1,1.2574004066084519,-355
2023-07-30,3346327,IJ-118,SA05780,935,15,39,1.0,PC,N-142/67,0.7663714170531336,-197
2023-07-26,1912630,IJ-117,SA02961,334,83,9,1.0,PC,P212/1,1.3871531090913076,-201
2023-10-03,5349428,IJ-118,SA05780,409,78,10,1.0,PC,P212/1,0.9439828523695167,-132
2023-06-16,5256616,IJ-046,SA05780,718,63,48,1.0,PC,P212/1,1.3259528125961115,-241
2023-08-05,4518341,IJ-118,SA05780,224,78,29,1.0,PC,N-142/67,0.8013036965708377,-191
2023-03-05,9372378,IJ-118,SA02961,585,52,31,1.0,PC,P212/1,1.265657294198753,-344
2023-07-11,7469269,IJ-046,SA02004,513,1,14,1.0,PC,P212/1,0.5815609983520512,-216
2023-02-20,5162172,IJ-117,SA02961,775,56,9,1.0,PC,P212/1,0.547068461839463,-357
2023-03-22,3151572,IJ-117,SA02961,773,98,33,1.0,PC,N-142/67,1.0137698551292877,-327
2023-09-01,6287531,IJ-117,SA02961,574,54,28,1.0,PC,P212/1,1.3972073254852182,-164
2023-06-09,6554915,IJ-117,SA02961,118,42,29,1.0,PC,N-142/67,1.483387198901912,-248
2023-09-13,8992332,IJ-046,SA05780,454,10,19,1.0,PC,N-142/67,1.0007443332151986,-152
2023-07-18,6477609,IJ-117,SA05780,401,27,14,1.0,PC,N-142/67,0.8664732227577273,-209
2023-06-12,9050488,IJ-117,SA02004,787,42,17,1.0,PC,P212/1,1.4842913675967937,-245
2023-07-02,2406090,IJ-046,SA05780,502,30,21,1.0,PC,P212/1,0.7823768761384234,-225
2023-05-23,7171238,IJ-118,SA02004,277,26,45,1.0,PC,P212/1,1.2313754459408603,-265
2023-01-24,9942046,IJ-046,SA05780,88,32,4,1.0,PC,N-142/67,1.1287732357800513,-384
2023-09-11,6454915,IJ-118,SA02004,46,89,13,1.0,PC,N-142/67,1.2327763357494612,-154
2023-06-23,9970032,IJ-118,SA02961,616,19,9,1.0,PC,P212/1,1.2700642108283229,-234
2023-07-11,3436914,IJ-117,SA02961,967,32,22,1.0,PC,N-142/67,0.7272961188298614,-216
2023-12-05,2369041,IJ-118,SA02004,3,95,12,1.0,PC,P212/1,1.2047253951260146,-69
2023-06-28,5530518,IJ-118,SA02961,659,37,48,1.0,PC,P212/1,1.4882810226349257,-229
2023-03-11,4071554,IJ-118,SA02961,221,86,44,1.0,PC,P212/1,0.8892935495459657,-338
2023-06-30,1840938,IJ-118,SA02004,319,13,20,1.0,PC,P212/1,1.4283146139349963,-227
2023-04-03,8880678,IJ-118,SA02961,44,37,46,1.0,PC,N-142/67,1.4664783371104897,-315
2023-05-15,8915111,IJ-117,SA02004,717,71,16,1.0,PC,P212/1,1.0367295310665878,-273
2023-07-08,9730683,IJ-117,SA02961,856,73,26,1.0,PC,N-142/67,0.9113736523400523,-219
2023-06-07,4251227,IJ-117,SA02004,603,46,43,1.0,PC,N-142/67,0.5053579527216832,-250
2023-01-03,5219159,IJ-118,SA02004,919,66,47,1.0,PC,P212/1,1.4156481791363191,-405
2023-10-21,2371100,IJ-046,SA02961,572,80,36,1.0,PC,P212/1,0.7199659760031949,-114
2023-03-14,6896936,IJ-046,SA02961,166,88,44,1.0,PC,P212/1,0.617142096853892,-335
2023-02-13,4105516,IJ-117,SA02961,635,41,20,1.0,PC,P212/1,0.5344256132232801,-364
2023-03-23,1234192,IJ-118,SA02004,712,74,47,1.0,PC,P212/1,0.759029324944834,-326
2023-11-11,5974350,IJ-117,SA02004,215,31,43,1.0,PC,P212/1,1.1672038640701425,-93
2023-09-11,1519785,IJ-117,SA05780,727,81,33,1.0,PC,N-142/67,0.6083593170515961,-154
2023-01-13,4413770,IJ-046,SA05780,126,99,30,1.0,PC,N-142/67,1.0810125692260597,-395
2023-08-06,9814788,IJ-046,SA02961,317,13,41,1.0,PC,N-142/67,0.7827721630247676,-190
2023-09-22,2324769,IJ-046,SA05780,470,57,3,1.0,PC,P212/1,0.5457628817534071,-143
2023-06-13,6029622,IJ-117,SA05780,393,93,26,1.0,PC,N-142/67,1.2709504626681476,-244
2023-07-14,6281341,IJ-118,SA05780,26,61,23,1.0,PC,N-142/67,1.4606833569356363,-213
2023-10-29,5692865,IJ-118,SA05780,482,70,14,1.0,PC,P212/1,1.1505661237423337,-106
2023-02-05,3005318,IJ-118,SA02961,660,97,42,1.0,PC,N-142/67,1.1910144470979516,-372
2023-02-12,5868343,IJ-046,SA02004,773,62,48,1.0,PC,N-142/67,1.2946156279717274,-365
2023-08-14,9826535,IJ-046,SA05780,150,44,22,1.0,PC,N-142/67,1.1752885166384615,-182
2023-03-23,3392015,IJ-117,SA02961,826,58,47,1.0,PC,P212/1,1.4364732188209404,-326
2023-03-21,5064627,IJ-046,SA05780,883,2,11,1.0,PC,P212/1,1.102734691755661,-328
2023-01-04,3970763,IJ-117,SA02004,884,99,16,1.0,PC,P212/1,0.5413364026069162,-404
2023-05-20,4369881,IJ-117,SA02004,383,7,40,1.0,PC,N-142/67,1.313315979886104,-268
2023-10-01,7475312,IJ-118,SA02961,270,15,17,1.0,PC,P212/1,0.789529510855364,-134
2023-08-17,9892027,IJ-117,SA02961,263,14,45,1.0,PC,P212/1,1.1580486464185444,-179
2023-10-09,3344293,IJ-046,SA02004,410,67,23,1.0,PC,P212/1,0.929188350593223,-126
2023-12-12,6478464,IJ-117,SA02961,606,39,22,1.0,PC,P212/1,1.3071623969638995,-62
2023-07-23,6803848,IJ-117,SA02004,909,74,6,1.0,PC,P212/1,1.3454566692308971,-204
2023-07-22,6181621,IJ-118,SA02004,176,15,43,1.0,PC,P212/1,0.6031699604485068,-205
2023-09-04,2569802,IJ-046,SA05780,536,71,20,1.0,PC,N-142/67,1.3677622245425785,-161
2023-02-09,4154864,IJ-117,SA02004,469,75,6,1.0,PC,N-142/67,0.7809094982284398,-368
2023-12-15,2603701,IJ-118,SA05780,20,33,9,1.0,PC,P212/1,1.4235224020820936,-59
2023-11-26,1492868,IJ-117,SA02004,45,9,22,1.0,PC,P212/1,1.4450200960512523,-78
2023-02-06,5177501,IJ-117,SA05780,375,97,10,1.0,PC,N-142/67,0.9163065224319643,-371
2023-11-04,5605052,IJ-117,SA02004,962,69,21,1.0,PC,N-142/67,0.8935971597300457,-100
2023-11-04,2781941,IJ-117,SA05780,357,36,19,1.0,PC,P212/1,1.4974711383401749,-100
2023-10-09,6148458,IJ-046,SA02961,951,19,28,1.0,PC,P212/1,1.2667742425284834,-126
2023-01-25,1370374,IJ-046,SA02961,819,3,42,1.0,PC,P212/1,0.5252288272706446,-383
2023-04-18,5469330,IJ-118,SA02961,602,9,5,1.0,PC,N-142/67,1.276689914353002,-300
2023-05-04,1132046,IJ-046,SA02961,447,84,30,1.0,PC,N-142/67,1.4744493466527362,-284
2023-01-03,3131573,IJ-046,SA05780,184,68,33,1.0,PC,P212/1,1.3878764976294051,-405
2023-07-20,8313019,IJ-117,SA02004,711,39,10,1.0,PC,P212/1,1.28137868417577,-207
2023-12-23,9198944,IJ-118,SA05780,598,77,8,1.0,PC,N-142/67,0.5359646521539811,-51
2023-02-12,2829369,IJ-117,SA05780,193,50,37,1.0,PC,N-142/67,1.4402344909535032,-365
2023-03-03,8966331,IJ-118,SA05780,144,17,23,1.0,PC,N-142/67,0.6478374611145076,-346
2023-12-13,1988902,IJ-118,SA02004,986,74,25,1.0,PC,N-142/67,1.4367677992563619,-61
2023-06-16,4719823,IJ-117,SA02961,436,74,3,1.0,PC,P212/1,0.7470466151478804,-241
2023-09-07,2648386,IJ-117,SA02004,741,71,39,1.0,PC,P212/1,1.0332494762848434,-158
2023-01-14,9719876,IJ-046,SA02961,928,5,27,1.0,PC,N-142/67,0.6651008880679266,-394
2023-10-06,9625220,IJ-117,SA02004,160,22,28,1.0,PC,P212/1,1.3166244821990412,-129
2023-10-30,7739372,IJ-046,SA05780,7,32,35,1.0,PC,N-142/67,0.9566073462217292,-105
2023-01-28,4254427,IJ-118,SA05780,255,37,46,1.0,PC,N-142/67,0.545639225634194,-380
2023-04-08,9525081,IJ-046,SA02004,275,10,22,1.0,PC,P212/1,0.9484955290388913,-310
2023-04-04,7272381,IJ-118,SA02004,411,9,33,1.0,PC,P212/1,1.4470426141877497,-314
2023-09-22,7919951,IJ-046,SA02004,664,76,16,1.0,PC,N-142/67,1.186645572974534,-143
2023-01-30,7677195,IJ-118,SA05780,910,5,46,1.0,PC,P212/1,1.3195515016965462,-378
2023-11-20,2634257,IJ-117,SA05780,277,28,41,1.0,PC,N-142/67,1.1610495035047617,-84
2023-06-24,5129783,IJ-118,SA05780,777,35,1,1.0,PC,N-142/67,0.6250319648764927,-233
2023-08-05,5480283,IJ-046,SA05780,929,90,23,1.0,PC,N-142/67,0.8781271912659118,-191
2023-10-08,5742830,IJ-118,SA02004,99,82,43,1.0,PC,P212/1,1.0321257317837231,-127
2023-10-22,3039705,IJ-117,SA02004,189,54,18,1.0,PC,P212/1,0.607722654373453,-113
2023-08-25,1242319,IJ-046,SA02004,420,71,29,1.0,PC,P212/1,0.6227865240710813,-171
2023-04-12,2997876,IJ-118,SA05780,250,21,15,1.0,PC,P212/1,1.461103986407967,-306
2023-08-25,3609659,IJ-117,SA02961,518,89,35,1.0,PC,N-142/67,0.6118389577473371,-171
2023-11-08,7103094,IJ-046,SA02961,736,87,45,1.0,PC,N-142/67,0.9421416944729649,-96
2023-05-24,5709409,IJ-117,SA02004,143,73,3,1.0,PC,P212/1,0.6427479379976004,-264
2023-03-06,7930172,IJ-117,SA02961,407,88,37,1.0,PC,P212/1,1.343507088054191,-343
2023-05-18,6054991,IJ-118,SA02004,720,93,5,1.0,PC,N-142/67,0.589397732903125,-270
2023-09-30,2995360,IJ-117,SA02961,811,85,16,1.0,PC,P212/1,1.023556394703161,-135
2023-06-22,4947307,IJ-046,SA02961,197,58,3,1.0,PC,N-142/67,1.1339663189337794,-235
2023-08-26,4258048,IJ-117,SA02004,590,23,9,1.0,PC,P212/1,0.8650745699425307,-170
2023-04-02,1875370,IJ-117,SA02961,534,58,29,1.0,PC,P212/1,0.610621918120944,-316
2023-12-16,6386775,IJ-046,SA02961,485,81,25,1.0,PC,P212/1,0.585083921058126,-58
2023-09-11,1804687,IJ-046,SA02004,223,55,32,1.0,PC,N-142/67,1.3826437871224564,-154
2023-09-10,9518544,IJ-117,SA05780,505,60,21,1.0,PC,N-142/67,1.018308617435356,-155
2023-06-06,1271279,IJ-118,SA05780,821,25,14,1.0,PC,P212/1,0.9134636107413797,-251
2023-07-04,5252406,IJ-118,SA05780,948,92,1,1.0,PC,P212/1,0.5178753343116537,-223
2023-10-23,5813374,IJ-117,SA05780,735,86,30,1.0,PC,P212/1,0.7672310419844689,-112
2023-02-13,4535606,IJ-117,SA02004,535,83,34,1.0,PC,P212/1,0.7712480040643608,-364
2023-03-18,9919178,IJ-046,SA05780,160,74,39,1.0,PC,P212/1,0.5634881685293323,-331
2023-11-04,5270637,IJ-046,SA02961,163,61,37,1.0,PC,N-142/67,1.0756705600337653,-100
2023-08-28,8749890,IJ-046,SA02961,777,34,17,1.0,PC,N-142/67,1.070533371379537,-168
2023-10-31,7697426,IJ-118,SA05780,412,90,11,1.0,PC,P212/1,1.0482622013305414,-104
2023-09-13,7981088,IJ-117,SA02004,387,10,17,1.0,PC,P212/1,1.1531760286945398,-152
2023-01-19,9815857,IJ-117,SA02961,713,7,39,1.0,PC,N-142/67,0.5647241790356154,-389
2023-07-11,5533786,IJ-118,SA02961,131,82,36,1.0,PC,N-142/67,0.818788856644818,-216
2023-05-19,4239403,IJ-046,SA02961,976,1,23,1.0,PC,P212/1,1.2985026169884089,-269
2023-11-13,7939270,IJ-046,SA05780,599,99,41,1.0,PC,N-142/67,0.9556833563596354,-91
2023-10-31,3288111,IJ-118,SA02961,681,79,4,1.0,PC,P212/1,0.866689559214214,-104
2023-07-14,6755394,IJ-118,SA02004,959,64,4,1.0,PC,P212/1,0.6733905097898852,-213
2023-01-26,2881422,IJ-117,SA02004,714,6,42,1.0,PC,P212/1,1.2843755677396773,-382
2023-06-07,7848934,IJ-046,SA02961,42,7,43,1.0,PC,P212/1,0.8587558767083352,-250
2023-02-01,7457775,IJ-117,SA02004,6,56,2,1.0,PC,N-142/67,0.5789641844284111,-376
2023-09-01,1083759,IJ-046,SA05780,240,29,32,1.0,PC,P212/1,1.3095043847047152,-164
2023-06-04,3226362,IJ-046,SA02004,300,76,21,1.0,PC,N-142/67,0.8163739093847835,-253
2023-12-27,9955949,IJ-117,SA05780,922,39,5,1.0,PC,N-142/67,1.1035099774398045,-47
2023-05-14,4347812,IJ-117,SA02961,565,34,17,1.0,PC,N-142/67,0.8977592901302831,-274
2023-05-22,7976726,IJ-118,SA02004,516,38,48,1.0,PC,N-142/67,0.9432003243740446,-266
2023-09-02,9637604,IJ-118,SA05780,25,39,31,1.0,PC,N-142/67,0.6823680639149889,-163
2023-10-18,4885209,IJ-117,SA05780,561,74,13,1.0,PC,P212/1,1.4049439238321724,-117
2023-06-23,8378880,IJ-117,SA05780,252,36,22,1.0,PC,P212/1,0.6890031855577777,-234
2023-12-02,9589138,IJ-117,SA02004,108,37,8,1.0,PC,N-142/67,0.7027646078258337,-72
2023-11-27,7033476,IJ-118,SA05780,287,82,47,1.0,PC,N-142/67,0.7562163182356587,-77
2023-03-17,1268079,IJ-046,SA02961,345,8,48,1.0,PC,N-142/67,0.9924816489397265,-332
2023-06-09,2766430,IJ-118,SA02961,707,33,36,1.0,PC,P212/1,0.9600592784383175,-248
2023-09-30,8324883,IJ-117,SA02961,583,22,33,1.0,PC,N-142/67,0.9878279628060431,-135
2023-03-02,4929086,IJ-117,SA02961,640,66,40,1.0,PC,P212/1,0.9760358206733378,-347
2023-09-16,7189135,IJ-118,SA02004,793,4,23,1.0,PC,N-142/67,0.9112131708512916,-149
2023-07-20,7367811,IJ-118,SA05780,379,71,40,1.0,PC,N-142/67,0.6350445638811063,-207
2023-02-07,1707127,IJ-118,SA02961,664,77,44,1.0,PC,N-142/67,0.6463624221996674,-370
2023-03-02,1292554,IJ-117,SA05780,898,17,43,1.0,PC,N-142/67,1.2541509052677577,-347
2023-10-04,5700273,IJ-117,SA02004,462,94,40,1.0,PC,N-142/67,0.9577950786660562,-131
2023-09-27,2163807,IJ-046,SA05780,161,63,41,1.0,PC,N-142/67,1.3501692535479783,-138
2023-12-16,3266435,IJ-118,SA05780,922,86,6,1.0,PC,N-142/67,0.5991251906999023,-58
2023-03-02,2222618,IJ-118,SA05780,794,21,17,1.0,PC,P212/1,0.9832054497458914,-347
2023-11-28,2981582,IJ-046,SA02961,787,23,47,1.0,PC,P212/1,1.4119969325639858,-76
2023-10-05,1335321,IJ-046,SA02961,862,81,41,1.0,PC,N-142/67,1.000463040235589,-130
2023-02-13,8748793,IJ-117,SA02961,232,20,40,1.0,PC,N-142/67,0.5806326056428754,-364
2023-10-02,6376615,IJ-117,SA02004,399,18,35,1.0,PC,P212/1,1.4935506283782316,-133
2023-12-14,5202375,IJ-046,SA02004,21,33,34,1.0,PC,N-142/67,1.2854348680203151,-60
2023-08-17,7492320,IJ-117,SA02004,436,83,18,1.0,PC,N-142/67,0.5159625107446884,-179
2023-05-22,5053463,IJ-118,SA02004,42,2,4,1.0,PC,P212/1,0.5940459874800041,-266
2023-03-18,6954873,IJ-118,SA02961,346,58,25,1.0,PC,P212/1,0.9597484168167856,-331
2023-03-30,6516147,IJ-046,SA05780,414,64,24,1.0,PC,P212/1,1.476004599825481,-319
2023-09-11,6389140,IJ-046,SA02961,453,94,22,1.0,PC,N-142/67,1.3728097174576166,-154
2023-11-18,2284031,IJ-046,SA02961,388,87,5,1.0,PC,N-142/67,0.8061514848606267,-86
2023-09-08,9372601,IJ-118,SA02961,17,97,45,1.0,PC,N-142/67,1.2508978764155758,-157
2023-06-15,1306440,IJ-118,SA02004,435,70,16,1.0,PC,N-142/67,0.8908607418913069,-242
2023-10-22,6593570,IJ-118,SA02004,992,4,26,1.0,PC,P212/1,1.261383053767712,-113
2023-10-13,3258347,IJ-046,SA02004,748,1,11,1.0,PC,P212/1,1.4867808911134364,-122
2023-07-29,8501890,IJ-117,SA02961,301,66,9,1.0,PC,P212/1,1.492753605066662,-198
2023-10-29,9291215,IJ-046,SA02004,569,20,23,1.0,PC,N-142/67,0.5510190243687644,-106
2023-03-29,4960149,IJ-117,SA05780,235,8,6,1.0,PC,P212/1,0.7630435274391002,-320
2023-12-30,2992333,IJ-046,SA02004,937,10,36,1.0,PC,P212/1,0.5905259745255093,-44
2023-12-16,4267245,IJ-117,SA02004,735,55,10,1.0,PC,P212/1,0.6280039479797839,-58
2023-08-08,5427250,IJ-118,SA05780,662,6,6,1.0,PC,P212/1,1.4483443776400655,-188
2023-04-03,3249585,IJ-118,SA02961,55,62,45,1.0,PC,P212/1,1.3114563539832427,-315
2023-10-28,7857002,IJ-118,SA02961,157,13,42,1.0,PC,N-142/67,0.624252688646143,-107
2023-07-16,8267232,IJ-046,SA02004,308,35,7,1.0,PC,P212/1,1.205958886133426,-211
2023-08-15,3179521,IJ-117,SA02004,59,17,8,1.0,PC,N-142/67,1.0002091216517668,-181
2023-05-30,7246755,IJ-046,SA02004,912,44,42,1.0,PC,N-142/67,0.6539095112031128,-258
2023-04-07,2330044,IJ-046,SA02961,454,49,17,1.0,PC,N-142/67,1.0455814870294122,-311
2023-08-10,5379658,IJ-046,SA02004,163,87,5,1.0,PC,P212/1,1.3805625472195815,-186
2023-12-31,5956468,IJ-046,SA02004,545,15,3,1.0,PC,P212/1,0.7109796209961448,-43
2023-04-24,2729268,IJ-118,SA05780,474,79,13,1.0,PC,N-142/67,1.4990229681925658,-294
2023-03-27,2471570,IJ-046,SA02961,9,4,48,1.0,PC,N-142/67,0.6718327121887153,-322
2023-08-11,6842453,IJ-117,SA02004,913,31,31,1.0,PC,P212/1,0.6950874273112111,-185
2023-07-04,5730275,IJ-117,SA02004,836,68,23,1.0,PC,P212/1,1.3409770449659373,-223
2023-02-21,1365069,IJ-118,SA05780,376,64,46,1.0,PC,P212/1,0.8348691450822912,-356
2023-03-11,3712043,IJ-117,SA02004,494,39,39,1.0,PC,N-142/67,0.8592112059791708,-338
2023-06-02,6940436,IJ-117,SA02004,732,57,21,1.0,PC,N-142/67,1.1213014065129951,-255
2023-05-19,9447421,IJ-117,SA02004,791,61,5,1.0,PC,P212/1,1.1901326258859486,-269
2023-10-05,5249303,IJ-118,SA02004,743,89,3,1.0,PC,P212/1,1.309511750934667,-130
2023-10-28,9019549,IJ-046,SA02961,714,81,27,1.0,PC,N-142/67,0.6564988195864974,-107
2023-12-27,6637510,IJ-118,SA05780,544,89,27,1.0,PC,N-142/67,1.4453521543267247,-47
2023-01-10,8260067,IJ-117,SA02004,629,34,10,1.0,PC,P212/1,1.0843467286247197,-398
2023-11-04,3706838,IJ-046,SA02004,328,81,1,1.0,PC,N-142/67,1.1473724526846283,-100
2023-12-12,2497344,IJ-117,SA02961,191,13,29,1.0,PC,N-142/67,1.4582766878064062,-62
2023-10-17,4703799,IJ-046,SA02004,590,63,2,1.0,PC,P212/1,1.1594013116606778,-118
2023-06-01,5299314,IJ-118,SA05780,325,53,43,1.0,PC,N-142/67,0.7072227375771288,-256
2023-06-20,8411670,IJ-046,SA02961,259,89,32,1.0,PC,N-142/67,1.276872572177055,-237
2023-10-14,3344711,IJ-117,SA05780,23,93,41,1.0,PC,P212/1,0.7849626481315966,-121
2023-05-10,8710767,IJ-117,SA02961,163,66,45,1.0,PC,P212/1,0.6810964412266506,-278
2023-02-11,2217482,IJ-117,SA05780,121,31,42,1.0,PC,N-142/67,0.6917893783908241,-366
2023-03-04,2682939,IJ-046,SA05780,909,48,10,1.0,PC,N-142/67,0.6742938480811074,-345
2023-09-12,6816165,IJ-046,SA05780,369,1,36,1.0,PC,P212/1,1.1510227686191128,-153
2023-08-31,6180303,IJ-117,SA02004,9,35,2,1.0,PC,N-142/67,1.462532655013498,-165
2023-01-12,2374818,IJ-117,SA02961,450,29,49,1.0,PC,P212/1,0.5272267681055128,-396
2023-07-26,8337454,IJ-046,SA02961,498,8,26,1.0,PC,N-142/67,0.8680127935955043,-201
2023-05-16,5218057,IJ-118,SA02004,584,2,16,1.0,PC,N-142/67,0.6059313705663504,-272
2023-04-30,2041547,IJ-118,SA02961,388,5,11,1.0,PC,P212/1,0.7713321430071624,-288
2023-11-30,6826168,IJ-046,SA02961,383,33,12,1.0,PC,N-142/67,1.2973648239082618,-74
2023-05-03,1043172,IJ-117,SA05780,256,8,2,1.0,PC,P212/1,1.1913006752462367,-285
2023-04-14,6834898,IJ-117,SA02004,594,8,20,1.0,PC,N-142/67,1.3671399651078264,-304
2023-08-02,1099249,IJ-117,SA05780,438,20,46,1.0,PC,N-142/67,1.4675571985406943,-194
2023-03-10,9177785,IJ-117,SA05780,755,55,38,1.0,PC,N-142/67,0.6860060747164908,-339
2023-09-22,2508841,IJ-117,SA02961,638,24,25,1.0,PC,N-142/67,1.1263411467093365,-143
2023-10-03,8779651,IJ-118,SA02961,95,23,37,1.0,PC,P212/1,1.3296277661695879,-132
2023-01-30,1226574,IJ-117,SA02961,80,61,39,1.0,PC,N-142/67,1.1597056915976305,-378
2023-01-04,9362621,IJ-046,SA02961,699,23,4,1.0,PC,N-142/67,1.4726347642982869,-404
2023-06-30,8087756,IJ-118,SA05780,464,64,3,1.0,PC,P212/1,0.5085045971816529,-227
2023-10-06,6628705,IJ-046,SA02004,924,51,46,1.0,PC,N-142/67,0.8072025974533055,-129
2023-07-19,8082283,IJ-118,SA05780,202,24,2,1.0,PC,N-142/67,1.2698762308327902,-208
2023-05-14,4507718,IJ-046,SA02004,264,69,5,1.0,PC,P212/1,0.6287327033281009,-274
2023-02-22,9270948,IJ-046,SA02961,773,9,15,1.0,PC,N-142/67,1.0216274989736633,-355
2023-02-14,9531803,IJ-118,SA02004,699,97,42,1.0,PC,N-142/67,1.154090535168162,-363
2023-10-03,4798513,IJ-117,SA05780,132,80,25,1.0,PC,N-142/67,1.0678614016673706,-132
2023-11-01,3821539,IJ-046,SA02961,73,70,47,1.0,PC,N-142/67,1.338327230667375,-103
2023-01-20,8270505,IJ-118,SA02004,976,49,2,1.0,PC,N-142/67,1.032097559825448,-388
2023-04-13,4826122,IJ-118,SA05780,896,45,28,1.0,PC,P212/1,0.7976022891009855,-305
2023-06-05,8807511,IJ-117,SA05780,178,19,18,1.0,PC,N-142/67,1.237136983084806,-252
2023-07-20,1975416,IJ-046,SA05780,276,73,25,1.0,PC,N-142/67,0.7504500559906816,-207
2023-08-24,6127509,IJ-046,SA02961,711,50,4,1.0,PC,N-142/67,1.1792236622260313,-172
2023-08-02,4152244,IJ-117,SA05780,122,47,3,1.0,PC,N-142/67,1.0337548886289312,-194
2023-05-15,8430500,IJ-117,SA05780,485,33,19,1.0,PC,N-142/67,0.8421876308443946,-273
2023-01-07,1114154,IJ-118,SA02004,322,77,31,1.0,PC,P212/1,0.7165354946057768,-401
2023-08-26,6599358,IJ-118,SA05780,622,36,32,1.0,PC,P212/1,1.4830481070175079,-170
2023-03-12,8874247,IJ-117,SA02961,172,64,1,1.0,PC,P212/1,0.5910626185130305,-337
2023-10-10,1385240,IJ-046,SA05780,178,46,19,1.0,PC,N-142/67,1.2641667692885066,-125
2023-05-20,9864110,IJ-117,SA02961,742,41,12,1.0,PC,N-142/67,1.1842112414450352,-268
2023-05-26,2019846,IJ-118,SA05780,516,22,18,1.0,PC,N-142/67,1.4785799374118915,-262
2023-03-17,6702067,IJ-118,SA02961,938,80,12,1.0,PC,N-142/67,1.2028306966896856,-332
2023-04-02,4026991,IJ-118,SA02961,297,53,13,1.0,PC,N-142/67,1.1692583984685525,-316
2023-08-16,9154963,IJ-117,SA02004,42,38,44,1.0,PC,N-142/67,1.4526873477080007,-180
2023-04-04,5956370,IJ-046,SA02961,647,28,24,1.0,PC,P212/1,1.2559732912186874,-314
2023-03-28,4585899,IJ-118,SA02961,987,88,40,1.0,PC,P212/1,1.0348328841103314,-321
2023-01-17,5268659,IJ-118,SA02961,386,18,3,1.0,PC,N-142/67,1.1349642511848277,-391
2023-11-25,9454015,IJ-118,SA05780,283,55,2,1.0,PC,N-142/67,0.8014227193690774,-79
2023-02-24,9642916,IJ-118,SA02961,5,90,45,1.0,PC,N-142/67,0.7986518181028045,-353
2023-06-16,6060796,IJ-046,SA05780,865,75,24,1.0,PC,N-142/67,0.6312967144605065,-241
2023-09-28,5653350,IJ-046,SA02961,901,86,21,1.0,PC,P212/1,0.8991333621001987,-137
2023-02-14,3610933,IJ-046,SA02961,761,96,44,1.0,PC,P212/1,0.6782814318209348,-363
2023-09-03,4577837,IJ-118,SA05780,532,9,31,1.0,PC,N-142/67,1.1359887862562341,-162
2023-11-10,1869043,IJ-117,SA02004,450,95,19,1.0,PC,N-142/67,1.2981728140079989,-94
2023-01-28,4940478,IJ-118,SA02004,70,4,46,1.0,PC,N-142/67,0.8002534708232177,-380
2023-04-07,7795822,IJ-046,SA05780,851,67,37,1.0,PC,N-142/67,1.0265598363331532,-311
2023-07-07,3507533,IJ-117,SA02961,794,23,46,1.0,PC,P212/1,1.108819874408113,-220
2023-12-17,1759057,IJ-118,SA02961,770,57,22,1.0,PC,P212/1,0.5612090770752001,-57
2023-10-23,1026781,IJ-118,SA05780,837,91,13,1.0,PC,N-142/67,0.8510095890120513,-112
2023-03-14,5492923,IJ-046,SA02004,883,58,45,1.0,PC,N-142/67,1.318705180645829,-335
2023-03-12,1989033,IJ-118,SA02004,756,34,4,1.0,PC,P212/1,1.4179993644754958,-337
2023-03-11,6622772,IJ-117,SA02004,388,82,9,1.0,PC,N-142/67,1.227824677288556,-338
2023-01-04,2720946,IJ-118,SA02961,601,7,18,1.0,PC,P212/1,0.821944760486042,-404
2023-04-25,8879454,IJ-118,SA02004,428,21,11,1.0,PC,P212/1,0.9264156386375226,-293
2023-11-03,3901500,IJ-117,SA05780,274,64,20,1.0,PC,P212/1,0.696363155260656,-101
2023-06-07,4455196,IJ-046,SA02961,323,11,36,1.0,PC,N-142/67,1.2913971479912252,-250
2023-06-22,6946479,IJ-117,SA02961,113,58,33,1.0,PC,N-142/67,0.6923198440548308,-235
2023-10-06,2593251,IJ-046,SA05780,748,99,46,1.0,PC,P212/1,0.9089568453320409,-129
2023-09-30,1669655,IJ-118,SA05780,108,30,15,1.0,PC,N-142/67,1.323945311507233,-135
2023-08-06,2318854,IJ-118,SA05780,635,65,30,1.0,PC,N-142/67,1.2765929181943223,-190
2023-10-19,3171008,IJ-117,SA05780,126,29,11,1.0,PC,N-142/67,1.1821884874935495,-116
2023-09-13,7161569,IJ-117,SA02961,361,74,31,1.0,PC,P212/1,1.382196844887652,-152
2023-08-31,4189812,IJ-046,SA05780,800,80,29,1.0,PC,N-142/67,1.2413063211347757,-165
2023-12-20,9336298,IJ-117,SA02004,128,1,26,1.0,PC,P212/1,0.8232755593398262,-54
2023-03-05,6137578,IJ-046,SA02004,750,66,18,1.0,PC,P212/1,1.4793489698808049,-344
2023-08-03,9363587,IJ-117,SA02961,829,49,3,1.0,PC,N-142/67,0.8648699123294944,-193
2023-02-01,3435931,IJ-118,SA05780,596,69,10,1.0,PC,N-142/67,1.242197874631287,-376
2023-12-24,4504311,IJ-118,SA02004,275,75,41,1.0,PC,P212/1,1.3463955141004247,-50
2023-08-28,4359478,IJ-118,SA05780,316,24,15,1.0,PC,N-142/67,0.7877829996298527,-168
2023-12-21,7305610,IJ-118,SA05780,714,12,22,1.0,PC,P212/1,0.7429865270586207,-53
2023-09-17,3489529,IJ-118,SA05780,919,68,4,1.0,PC,P212/1,0.8413759280013884,-148
2023-09-25,2055035,IJ-117,SA05780,267,2,29,1.0,PC,P212/1,1.4026293529727378,-140
2023-06-13,6177995,IJ-117,SA02004,624,47,40,1.0,PC,N-142/67,1.2754928919916981,-244
2023-06-17,2833361,IJ-117,SA05780,561,94,34,1.0,PC,N-142/67,0.9554738725977078,-240
2023-06-15,9224101,IJ-118,SA05780,615,69,36,1.0,PC,N-142/67,1.4276922824859342,-242
2023-07-28,7897143,IJ-046,SA02961,164,16,33,1.0,PC,N-142/67,0.5865056494170336,-199
2023-07-08,2621377,IJ-046,SA05780,700,93,19,1.0,PC,N-142/67,0.5487156053072973,-219
2023-08-27,3036214,IJ-046,SA02961,378,49,1,1.0,PC,P212/1,1.467043163822826,-169
2023-10-20,1436380,IJ-118,SA02961,811,93,7,1.0,PC,P212/1,0.7652329691036444,-115
2023-07-24,2784569,IJ-118,SA02961,350,1,24,1.0,PC,P212/1,1.463049256379472,-203
2023-12-27,5313614,IJ-046,SA05780,402,73,5,1.0,PC,P212/1,0.7990268319386554,-47
2023-05-21,7352235,IJ-118,SA02961,269,60,29,1.0,PC,P212/1,1.0497213166221127,-267
2023-05-18,9043019,IJ-046,SA05780,966,65,11,1.0,PC,N-142/67,0.8202362437410716,-270
2023-01-19,9445870,IJ-117,SA02961,259,94,11,1.0,PC,N-142/67,1.031605517585302,-389
2023-04-20,9899417,IJ-117,SA05780,502,65,5,1.0,PC,P212/1,1.4492932949166915,-298
2023-10-18,5828907,IJ-117,SA02961,825,12,32,1.0,PC,P212/1,0.8520678287749572,-117
2023-11-04,5699696,IJ-117,SA02004,28,52,36,1.0,PC,N-142/67,0.652441713770367,-100
2023-03-07,5699603,IJ-117,SA02004,207,43,4,1.0,PC,P212/1,0.7172889053384294,-342
2023-03-06,1703491,IJ-117,SA05780,419,49,39,1.0,PC,N-142/67,1.4252122465650259,-343
2023-11-15,8858354,IJ-046,SA02961,605,96,10,1.0,PC,P212/1,1.3045792958978284,-89
2023-08-01,1637191,IJ-046,SA02004,48,93,40,1.0,PC,N-142/67,0.8317532900292798,-195
2023-08-13,2722973,IJ-117,SA02961,236,99,16,1.0,PC,P212/1,0.5320516250971339,-183
2023-01-22,1195736,IJ-117,SA02961,91,41,2,1.0,PC,P212/1,1.3592840209093726,-386
2023-09-26,4175559,IJ-046,SA05780,729,23,41,1.0,PC,P212/1,0.8780278408539649,-139
2023-06-08,6405843,IJ-118,SA05780,506,36,10,1.0,PC,P212/1,1.3567843043760415,-249
2023-05-29,9911884,IJ-046,SA02004,867,64,16,1.0,PC,P212/1,1.3386971888320844,-259
2023-04-04,1671091,IJ-118,SA02004,721,33,30,1.0,PC,N-142/67,1.0822534335902594,-314
2023-07-22,2828906,IJ-117,SA02004,462,98,40,1.0,PC,P212/1,1.1988040192008624,-205
2023-02-16,4220971,IJ-117,SA02961,392,35,49,1.0,PC,P212/1,1.1061370382036217,-361
2023-01-04,8614514,IJ-046,SA02961,784,26,45,1.0,PC,P212/1,0.6443458037512555,-404
2023-07-26,3334840,IJ-118,SA02961,343,22,49,1.0,PC,P212/1,0.8610295443778344,-201
2023-01-30,1046640,IJ-046,SA02004,519,90,35,1.0,PC,P212/1,1.2072665216701535,-378
2023-01-31,1645557,IJ-118,SA02961,824,57,38,1.0,PC,P212/1,1.1711051410848234,-377
2023-07-01,7250594,IJ-118,SA02961,946,56,42,1.0,PC,P212/1,1.3331103786134397,-226
2023-09-11,7614534,IJ-046,SA02961,881,52,11,1.0,PC,P212/1,1.4044091677115669,-154
2023-07-01,6073794,IJ-046,SA02004,355,71,36,1.0,PC,P212/1,1.4994002075382422,-226
2023-06-08,6788457,IJ-118,SA02004,127,73,22,1.0,PC,P212/1,0.5997321556312113,-249
2023-11-16,9404953,IJ-118,SA05780,885,96,34,1.0,PC,P212/1,0.6405300883623799,-88
2023-12-07,3913837,IJ-117,SA02961,26,31,38,1.0,PC,N-142/67,1.0790802346972115,-67
2023-09-15,1390366,IJ-117,SA02004,941,36,23,1.0,PC,N-142/67,1.244119879582719,-150
2023-12-20,1258911,IJ-118,SA05780,443,96,22,1.0,PC,P212/1,1.1870498727008936,-54
2023-04-23,6432319,IJ-118,SA02961,121,36,3,1.0,PC,P212/1,1.2168700172710119,-295
2023-07-19,4351344,IJ-118,SA02004,46,52,41,1.0,PC,N-142/67,1.2741135374704782,-208
2023-07-25,7430532,IJ-118,SA05780,437,98,2,1.0,PC,N-142/67,1.044129471916806,-202
2023-09-19,7248477,IJ-118,SA05780,942,77,42,1.0,PC,P212/1,0.7580206008966285,-146
2023-07-09,3256319,IJ-117,SA02961,748,33,31,1.0,PC,N-142/67,1.2249820407443335,-218
2023-09-25,7368167,IJ-117,SA05780,519,46,36,1.0,PC,P212/1,1.2325784237453943,-140
2023-10-15,1415388,IJ-046,SA05780,640,69,3,1.0,PC,P212/1,1.461870086164648,-120
2023-03-31,5183207,IJ-118,SA02961,8,99,38,1.0,PC,N-142/67,1.1464585639180023,-318
2023-07-04,7789884,IJ-118,SA02004,437,35,15,1.0,PC,P212/1,0.886220601825799,-223
2023-09-21,3377800,IJ-118,SA05780,433,24,6,1.0,PC,N-142/67,0.9658785068142257,-144
2023-02-08,9338606,IJ-117,SA02004,833,73,12,1.0,PC,P212/1,1.1517647832477675,-369
2023-08-08,4490354,IJ-118,SA02961,84,26,8,1.0,PC,N-142/67,0.7798782476097923,-188
2023-04-03,9228382,IJ-046,SA05780,323,18,37,1.0,PC,P212/1,1.3958522982193493,-315
2023-10-21,8586722,IJ-117,SA02004,643,83,13,1.0,PC,P212/1,0.6776753160208409,-114
2023-09-19,6995268,IJ-118,SA02961,126,27,15,1.0,PC,P212/1,0.7939384175052646,-146
2023-06-10,1289455,IJ-046,SA02961,377,15,49,1.0,PC,P212/1,1.3429556232017203,-247
2023-10-05,7813071,IJ-118,SA02004,214,94,14,1.0,PC,N-142/67,1.447337438236299,-130
2023-05-02,1438537,IJ-118,SA02961,956,75,2,1.0,PC,P212/1,0.7334419697878503,-286
2023-06-02,9786155,IJ-117,SA02961,682,80,48,1.0,PC,N-142/67,0.6146548897530566,-255
2023-04-28,2953536,IJ-118,SA02004,138,14,45,1.0,PC,N-142/67,0.9937721599537718,-290
2023-10-26,2614985,IJ-046,SA02961,441,68,36,1.0,PC,N-142/67,1.4852101232969135,-109
2023-08-17,9872396,IJ-117,SA02961,993,88,47,1.0,PC,N-142/67,1.2383882766915741,-179
2023-06-05,1763750,IJ-117,SA02004,345,52,18,1.0,PC,N-142/67,1.431816278882867,-252
2023-12-01,8676939,IJ-118,SA05780,393,55,42,1.0,PC,P212/1,1.3929347401950474,-73
2023-10-30,8297987,IJ-046,SA02004,403,38,26,1.0,PC,P212/1,0.8141041107957582,-105
2023-01-07,1923283,IJ-117,SA02004,402,4,48,1.0,PC,P212/1,0.535395836702024,-401
2023-11-23,7149109,IJ-046,SA02004,403,4,16,1.0,PC,P212/1,1.0997102878544762,-81
2023-05-14,7480564,IJ-117,SA05780,823,58,20,1.0,PC,P212/1,1.4126834147991922,-274
2023-07-01,7575707,IJ-118,SA02004,306,40,48,1.0,PC,N-142/67,1.0289814215510185,-226
2023-03-02,9159636,IJ-117,SA02004,391,72,2,1.0,PC,N-142/67,0.6526748411320904,-347
2023-04-24,2344596,IJ-117,SA05780,433,1,45,1.0,PC,N-142/67,1.4331122731186254,-294
2023-04-30,6860597,IJ-046,SA05780,48,32,39,1.0,PC,P212/1,1.2652389909649582,-288
2023-12-18,1074669,IJ-117,SA02004,227,89,27,1.0,PC,N-142/67,0.8744630339311021,-56
2023-09-01,7707111,IJ-117,SA02004,174,29,34,1.0,PC,N-142/67,0.5065689163044393,-164
2023-04-12,3862534,IJ-118,SA05780,914,41,6,1.0,PC,P212/1,1.4182285106212915,-306
2023-07-07,2671057,IJ-118,SA02961,678,54,46,1.0,PC,P212/1,0.8708919272250678,-220
2023-09-12,9655768,IJ-117,SA02961,953,26,31,1.0,PC,N-142/67,0.5812933395873174,-153
2023-07-15,6771080,IJ-118,SA02004,352,41,20,1.0,PC,P212/1,1.256282167739502,-212
2023-02-07,3121846,IJ-046,SA02004,896,82,7,1.0,PC,P212/1,0.6340198462615655,-370
2023-07-26,6631489,IJ-046,SA05780,943,23,44,1.0,PC,N-142/67,1.3811214141379913,-201
2023-05-07,6741495,IJ-118,SA05780,642,48,7,1.0,PC,N-142/67,0.5668529815867233,-281
2023-04-09,6451262,IJ-046,SA02961,45,17,21,1.0,PC,N-142/67,0.8462366196668245,-309
2023-06-06,1839860,IJ-046,SA02961,73,50,9,1.0,PC,P212/1,0.5227134635683295,-251
2023-12-04,1596145,IJ-046,SA02961,235,58,1,1.0,PC,P212/1,1.4742314624697013,-70
2023-07-04,6250583,IJ-117,SA02961,963,17,46,1.0,PC,P212/1,1.419213257938759,-223
2023-10-05,3078471,IJ-046,SA05780,360,79,21,1.0,PC,N-142/67,0.9764064239075597,-130
2023-02-14,4655221,IJ-046,SA02961,649,47,4,1.0,PC,N-142/67,1.3391795534498967,-363
2023-01-27,5766362,IJ-117,SA02004,575,45,6,1.0,PC,N-142/67,0.8223212251369529,-381
2023-11-09,4333495,IJ-118,SA02961,76,42,2,1.0,PC,N-142/67,1.2313969632046686,-95
2023-11-16,3644738,IJ-117,SA02004,529,20,27,1.0,PC,P212/1,1.0738523875595738,-88
2023-04-24,6587174,IJ-046,SA02004,720,88,22,1.0,PC,P212/1,0.5988692878881297,-294
2023-04-02,7985327,IJ-117,SA02004,41,36,21,1.0,PC,P212/1,0.5619073937082714,-316
2023-01-14,6386140,IJ-046,SA05780,805,28,6,1.0,PC,P212/1,1.4836197519021028,-394
2023-05-18,5139760,IJ-117,SA02004,663,85,41,1.0,PC,N-142/67,1.2287410565344934,-270
2023-04-06,7961479,IJ-046,SA02004,183,3,1,1.0,PC,N-142/67,1.0434149619076432,-312
2023-02-26,8646995,IJ-117,SA02004,65,88,38,1.0,PC,P212/1,0.6443045473899909,-351
2023-09-08,5719590,IJ-117,SA02961,340,16,41,1.0,PC,N-142/67,1.2153110997849264,-157
2023-01-18,8085494,IJ-118,SA02004,941,2,49,1.0,PC,P212/1,0.8133431073399895,-390
2023-04-24,9744193,IJ-117,SA02961,868,96,37,1.0,PC,P212/1,0.6499501878823415,-294
2023-08-17,3202824,IJ-117,SA02961,642,39,48,1.0,PC,N-142/67,1.021065527564791,-179
2023-06-08,5508740,IJ-117,SA02004,814,55,8,1.0,PC,N-142/67,1.2130150274191491,-249
2023-04-27,4227736,IJ-046,SA02961,703,42,21,1.0,PC,N-142/67,1.0368232611475185,-291
2023-01-13,6348414,IJ-118,SA02961,615,16,5,1.0,PC,N-142/67,1.0750064653442042,-395
2023-04-10,8293986,IJ-117,SA02961,390,66,8,1.0,PC,N-142/67,0.7858118791242711,-308
2023-09-04,1099793,IJ-117,SA02004,802,88,23,1.0,PC,N-142/67,0.6824342756420189,-161
2023-10-30,7916807,IJ-046,SA02004,250,40,12,1.0,PC,P212/1,0.7771079611118892,-105
2023-01-07,1477620,IJ-117,SA02961,820,63,12,1.0,PC,P212/1,0.6435575180463485,-401
2023-09-06,5155555,IJ-118,SA05780,175,46,26,1.0,PC,P212/1,1.0237371265157535,-159
2023-09-10,8792703,IJ-117,SA02004,31,54,2,1.0,PC,N-142/67,1.220034444962677,-155
2023-01-07,3015108,IJ-046,SA05780,80,21,10,1.0,PC,P212/1,0.7706812223980314,-401
2023-03-21,3035102,IJ-117,SA05780,556,82,18,1.0,PC,N-142/67,1.4897329970083737,-328
2023-02-23,3313934,IJ-046,SA02961,970,95,5,1.0,PC,P212/1,1.4818839845568594,-354
2023-02-28,9302013,IJ-118,SA05780,379,51,13,1.0,PC,P212/1,0.7686244037525711,-349
2023-11-04,7124945,IJ-118,SA02961,990,47,19,1.0,PC,N-142/67,0.6021737588474327,-100
2023-07-19,8351179,IJ-117,SA05780,414,54,46,1.0,PC,N-142/67,1.0853111466602727,-208
2023-04-18,3101083,IJ-046,SA02961,755,46,27,1.0,PC,P212/1,0.540917462276389,-300
2023-09-11,3641056,IJ-046,SA05780,193,28,28,1.0,PC,N-142/67,0.6931774067797449,-154
2023-06-05,5734684,IJ-118,SA02961,729,18,46,1.0,PC,P212/1,1.0231498381420914,-252
2023-08-16,8000324,IJ-046,SA05780,278,54,43,1.0,PC,N-142/67,1.1009955390146704,-180
2023-09-11,4826949,IJ-118,SA05780,630,58,17,1.0,PC,N-142/67,0.7400996564780784,-154
2023-07-04,6868643,IJ-118,SA05780,96,90,13,1.0,PC,P212/1,0.7638002989342644,-223
2023-05-03,7360332,IJ-117,SA02961,696,61,5,1.0,PC,N-142/67,0.5502217080417803,-285
2023-08-10,9277502,IJ-046,SA05780,201,43,9,1.0,PC,N-142/67,1.157344879428523,-186
2023-02-12,4261569,IJ-117,SA02004,745,2,49,1.0,PC,P212/1,0.6430654669816401,-365
2023-04-28,9112598,IJ-046,SA05780,214,38,35,1.0,PC,P212/1,1.4436747749118735,-290
2023-12-26,2730444,IJ-118,SA05780,104,75,22,1.0,PC,N-142/67,0.9001162504868787,-48
2023-11-24,1139030,IJ-117,SA02004,467,24,32,1.0,PC,P212/1,1.1419378811316054,-80
2023-04-16,7962341,IJ-117,SA05780,372,84,43,1.0,PC,P212/1,0.7337950413317483,-302
2023-06-01,1452763,IJ-117,SA02961,765,99,32,1.0,PC,N-142/67,1.0201453876577844,-256
2023-05-15,1407091,IJ-117,SA05780,140,5,29,1.0,PC,N-142/67,1.2728826595828575,-273
2023-09-21,3348950,IJ-118,SA05780,612,3,45,1.0,PC,N-142/67,0.829810472505488,-144
2023-12-05,4984902,IJ-046,SA02004,732,3,23,1.0,PC,N-142/67,0.769381784288402,-69
2023-03-31,4436422,IJ-117,SA02961,929,90,14,1.0,PC,N-142/67,1.2026318958801951,-318
2023-06-13,9022784,IJ-046,SA05780,904,87,37,1.0,PC,N-142/67,1.4218633738251605,-244
2023-09-10,5178015,IJ-117,SA02004,638,88,1,1.0,PC,P212/1,0.7820904780404464,-155
2023-11-20,5189435,IJ-046,SA05780,435,53,39,1.0,PC,P212/1,1.4734956938910404,-84
2023-08-19,6083087,IJ-118,SA02961,798,26,3,1.0,PC,P212/1,0.8328303843297423,-177
2023-06-16,6587480,IJ-118,SA05780,477,79,23,1.0,PC,P212/1,1.1357452698434256,-241
2023-05-11,8965326,IJ-117,SA02004,880,83,47,1.0,PC,P212/1,0.6654878767555996,-277
2023-05-14,1707183,IJ-117,SA02004,843,71,16,1.0,PC,N-142/67,1.1143581183128393,-274
2023-04-05,1108046,IJ-118,SA05780,141,70,29,1.0,PC,N-142/67,0.8767476821380461,-313
2023-12-26,6553518,IJ-118,SA05780,228,73,13,1.0,PC,P212/1,0.9383926621528399,-48
2023-12-10,5242254,IJ-118,SA05780,969,37,46,1.0,PC,P212/1,1.1176228878547647,-64
2023-02-22,5533139,IJ-117,SA02004,21,82,1,1.0,PC,N-142/67,1.151783554786747,-355
2023-12-10,2762581,IJ-118,SA02961,374,47,3,1.0,PC,P212/1,1.4878575402645247,-64
2023-07-18,7359888,IJ-117,SA02004,391,15,38,1.0,PC,N-142/67,1.1687923212114337,-209
2023-04-15,9264208,IJ-046,SA02004,461,84,15,1.0,PC,N-142/67,1.0070676120896667,-303
2023-09-28,2339445,IJ-117,SA02004,558,83,12,1.0,PC,N-142/67,1.1602612798172478,-137
2023-09-19,7660154,IJ-118,SA05780,299,41,33,1.0,PC,P212/1,0.5727859414705534,-146
2023-02-28,5289072,IJ-118,SA02004,670,10,4,1.0,PC,P212/1,1.4567928498896232,-349
2023-06-09,8970913,IJ-118,SA02004,402,41,21,1.0,PC,N-142/67,1.1770463696275615,-248
2023-09-22,6706942,IJ-117,SA02004,205,20,22,1.0,PC,P212/1,1.1347654296254115,-143
2023-05-07,6816562,IJ-046,SA05780,717,28,19,1.0,PC,N-142/67,1.4206840163520764,-281
2023-01-13,2478467,IJ-118,SA02961,574,21,34,1.0,PC,P212/1,0.5788835810408571,-395
2023-09-03,2035789,IJ-046,SA02004,384,15,30,1.0,PC,P212/1,1.1839363840989567,-162
2023-07-21,3125134,IJ-118,SA02961,366,93,7,1.0,PC,N-142/67,0.9802585648250896,-206
2023-08-09,9308827,IJ-118,SA02004,796,74,29,1.0,PC,P212/1,0.6373023542400492,-187
2023-02-09,5596551,IJ-117,SA02961,646,43,38,1.0,PC,N-142/67,1.3303600581824404,-368
2023-12-11,1834533,IJ-046,SA02004,30,86,46,1.0,PC,N-142/67,0.8268607368246577,-63
2023-02-28,5256574,IJ-117,SA02004,226,19,43,1.0,PC,P212/1,0.9593634101720688,-349
2023-03-16,4741835,IJ-046,SA02004,719,76,25,1.0,PC,P212/1,0.7143024113680775,-333
2023-10-03,6546935,IJ-046,SA02004,232,72,28,1.0,PC,P212/1,0.9532347897003515,-132
2023-02-09,1532556,IJ-118,SA02961,469,3,18,1.0,PC,N-142/67,1.3264950561782247,-368
2023-06-12,5852669,IJ-118,SA02961,863,83,44,1.0,PC,P212/1,1.2674077304534144,-245
2023-10-07,7826893,IJ-118,SA02961,525,98,26,1.0,PC,N-142/67,1.1479884166316787,-128
2023-05-28,1586708,IJ-118,SA02961,571,88,44,1.0,PC,P212/1,0.9148383491104668,-260
2023-12-25,9865253,IJ-046,SA05780,769,45,49,1.0,PC,N-142/67,1.0265702600525026,-49
2023-10-11,2613208,IJ-046,SA02961,51,49,21,1.0,PC,N-142/67,0.6238167778878013,-124
2023-11-16,8995748,IJ-117,SA05780,684,21,41,1.0,PC,N-142/67,1.1710247549229609,-88
2023-01-21,1108871,IJ-117,SA05780,140,46,36,1.0,PC,P212/1,1.1616666588543367,-387
2023-06-02,6250028,IJ-117,SA02004,813,89,32,1.0,PC,N-142/67,1.3837634725307262,-255
2023-09-28,9715026,IJ-117,SA05780,419,71,47,1.0,PC,P212/1,1.1511372022138548,-137
2023-07-24,8312526,IJ-046,SA02961,242,60,24,1.0,PC,N-142/67,1.2634854588127078,-203
2023-05-09,7899320,IJ-118,SA05780,849,32,19,1.0,PC,P212/1,0.5360243769482677,-279
2023-11-23,3666191,IJ-117,SA02004,774,3,11,1.0,PC,N-142/67,1.320620807865676,-81
2023-08-04,6134055,IJ-118,SA05780,698,32,18,1.0,PC,P212/1,1.4487423567691873,-192
2023-10-02,6800048,IJ-118,SA05780,284,14,41,1.0,PC,P212/1,0.8625426693281091,-133
2023-09-07,9139673,IJ-118,SA02004,854,75,24,1.0,PC,N-142/67,1.2040483492050127,-158
2023-12-20,7267669,IJ-117,SA02004,653,96,43,1.0,PC,N-142/67,0.6959259983349326,-54
2023-08-31,3378364,IJ-046,SA02961,30,87,46,1.0,PC,P212/1,1.4373284855267248,-165
2023-01-17,5989405,IJ-046,SA02961,828,97,7,1.0,PC,P212/1,1.4443880069481283,-391
2023-04-02,2115759,IJ-117,SA02004,974,82,2,1.0,PC,P212/1,1.1638957034990627,-316
2023-09-17,5683605,IJ-046,SA05780,989,48,47,1.0,PC,P212/1,0.7572734628319614,-148
2023-04-07,1302952,IJ-046,SA02004,9,59,32,1.0,PC,N-142/67,1.4637495968042176,-311
2023-10-05,1841570,IJ-117,SA02004,574,15,22,1.0,PC,P212/1,1.179828910535544,-130
2023-08-29,2065262,IJ-117,SA02004,772,65,2,1.0,PC,N-142/67,1.2190479430396683,-167
2023-08-04,3833472,IJ-046,SA02004,652,66,30,1.0,PC,P212/1,0.834059716682575,-192
2023-12-02,9587397,IJ-118,SA05780,839,20,7,1.0,PC,P212/1,1.2812866496235908,-72
2023-05-06,3557878,IJ-046,SA02004,114,58,45,1.0,PC,P212/1,0.8940917957781267,-282
2023-07-03,5588893,IJ-118,SA02004,991,66,15,1.0,PC,P212/1,1.1991739185278147,-224
2023-02-24,6665126,IJ-118,SA05780,160,49,14,1.0,PC,N-142/67,1.1157253055871652,-353
2023-01-27,3514602,IJ-046,SA05780,396,52,49,1.0,PC,P212/1,0.622233276763857,-381
2023-11-19,6518415,IJ-118,SA05780,913,90,7,1.0,PC,N-142/67,1.4672062695050867,-85
2023-07-02,9262072,IJ-046,SA05780,491,72,22,1.0,PC,N-142/67,1.0855770176009085,-225
2023-11-26,4490757,IJ-118,SA02004,12,87,44,1.0,PC,N-142/67,1.373457315078794,-78
2023-08-01,7529024,IJ-118,SA02961,61,14,41,1.0,PC,P212/1,0.9481484716923733,-195
2023-03-16,6723373,IJ-117,SA02961,874,69,32,1.0,PC,P212/1,0.8791740089998059,-333
2023-11-02,5390614,IJ-046,SA02961,733,37,43,1.0,PC,N-142/67,1.4223274999418443,-102
2023-12-18,4852118,IJ-046,SA02961,794,1,30,1.0,PC,P212/1,1.435955975646805,-56
2023-04-25,7156177,IJ-117,SA02961,966,2,38,1.0,PC,N-142/67,0.7463894389056912,-293
2023-07-30,2267624,IJ-117,SA02004,715,27,18,1.0,PC,N-142/67,0.6780411796456733,-197
2023-06-16,3373016,IJ-117,SA02004,725,1,22,1.0,PC,N-142/67,1.3800934017301545,-241
2023-09-11,1316494,IJ-118,SA02961,478,88,8,1.0,PC,N-142/67,0.8428897378110316,-154
2023-09-07,7374907,IJ-118,SA05780,672,9,47,1.0,PC,N-142/67,0.574316614152866,-158
2023-05-31,3709672,IJ-117,SA02961,521,6,40,1.0,PC,P212/1,0.8935531740264612,-257
2023-12-18,7117265,IJ-117,SA05780,610,68,12,1.0,PC,N-142/67,0.656689922816554,-56
2023-08-12,9510282,IJ-118,SA05780,708,19,25,1.0,PC,P212/1,0.581127843038703,-184
2023-01-16,9473541,IJ-118,SA02004,726,82,7,1.0,PC,P212/1,1.2781583784244752,-392
2023-09-30,4892966,IJ-118,SA02004,304,18,12,1.0,PC,P212/1,1.4479626078430452,-135
2023-09-06,9482588,IJ-118,SA02004,810,16,35,1.0,PC,P212/1,1.0634190887488655,-159
2023-11-21,8687168,IJ-046,SA05780,666,47,14,1.0,PC,P212/1,0.7860017626103526,-83
2023-03-09,6228501,IJ-117,SA02961,805,64,47,1.0,PC,N-142/67,1.2351305730920077,-340
2023-05-21,8661849,IJ-046,SA05780,151,18,15,1.0,PC,N-142/67,0.7290106109771838,-267
2023-10-03,9411502,IJ-046,SA05780,265,70,43,1.0,PC,P212/1,1.3443852726534486,-132
2023-01-23,9855070,IJ-118,SA02961,474,79,10,1.0,PC,N-142/67,1.2718561414196146,-385
2023-07-19,6831579,IJ-117,SA05780,126,9,5,1.0,PC,N-142/67,0.9926162373849228,-208
2023-03-03,1632236,IJ-117,SA02961,820,79,9,1.0,PC,P212/1,1.4330958371912161,-346
2023-01-10,8598341,IJ-046,SA02004,754,70,12,1.0,PC,P212/1,0.9544201120899064,-398
2023-02-17,7528452,IJ-117,SA05780,433,60,14,1.0,PC,N-142/67,1.4898504830896915,-360
2023-07-02,5759343,IJ-118,SA05780,99,26,23,1.0,PC,P212/1,0.7520752295014539,-225
2023-02-24,7941564,IJ-117,SA02004,382,3,19,1.0,PC,N-142/67,1.1375124046075271,-353
2023-01-10,6415314,IJ-118,SA05780,305,99,45,1.0,PC,N-142/67,1.048902910891402,-398
2023-03-15,6885719,IJ-117,SA02961,288,40,28,1.0,PC,N-142/67,1.354662779955758,-334
2023-08-05,9966469,IJ-118,SA02004,362,16,45,1.0,PC,N-142/67,1.0831816366919358,-191
2023-08-01,7840366,IJ-117,SA05780,575,11,15,1.0,PC,N-142/67,1.4632934166905063,-195
2023-06-17,6172868,IJ-118,SA02004,608,84,34,1.0,PC,N-142/67,0.749817726768893,-240
2023-02-01,8969011,IJ-046,SA05780,30,15,11,1.0,PC,N-142/67,0.5981695358471066,-376
2023-06-14,4067745,IJ-117,SA02961,662,33,41,1.0,PC,N-142/67,1.0547588466620967,-243
2023-04-03,1849880,IJ-118,SA02004,720,42,17,1.0,PC,N-142/67,1.2911909895393308,-315
2023-02-26,6159764,IJ-046,SA02961,529,57,12,1.0,PC,P212/1,0.9526202033146192,-351
2023-07-27,1001833,IJ-117,SA02004,290,68,22,1.0,PC,N-142/67,0.6417259754184849,-200
2023-06-04,6299465,IJ-117,SA02004,559,6,39,1.0,PC,N-142/67,0.7784056345881059,-253
2023-08-29,8703550,IJ-118,SA02004,867,72,43,1.0,PC,N-142/67,1.015154787111815,-167
2023-01-03,5977921,IJ-046,SA05780,583,77,46,1.0,PC,P212/1,1.1166989126105091,-405
2023-10-19,1334873,IJ-046,SA02004,967,93,27,1.0,PC,P212/1,1.197515371940976,-116
2023-11-05,7261432,IJ-118,SA02961,988,37,38,1.0,PC,N-142/67,0.6245641489736828,-99
2023-01-25,7708214,IJ-117,SA02004,392,75,39,1.0,PC,P212/1,1.2055827509671069,-383
2023-11-24,9355873,IJ-046,SA05780,248,66,7,1.0,PC,P212/1,1.3945221607950136,-80
2023-11-01,5038531,IJ-118,SA02004,503,80,6,1.0,PC,N-142/67,0.5475000327748257,-103
2023-09-22,6038123,IJ-118,SA05780,198,16,11,1.0,PC,P212/1,1.3306405800667176,-143
2023-02-06,4291433,IJ-046,SA02004,700,37,2,1.0,PC,P212/1,0.9803114429778301,-371
2023-02-14,7485163,IJ-046,SA05780,565,45,46,1.0,PC,P212/1,1.1502700637434937,-363
2023-07-11,4179945,IJ-118,SA02961,994,54,26,1.0,PC,P212/1,1.4855830787215802,-216
2023-04-23,6595497,IJ-118,SA02961,41,20,24,1.0,PC,N-142/67,1.315500146861115,-295
2023-05-26,4729009,IJ-046,SA02961,95,40,3,1.0,PC,N-142/67,1.1930534027671529,-262
2023-06-04,9384964,IJ-046,SA02004,115,71,39,1.0,PC,N-142/67,0.8308945454975668,-253
2023-10-14,9362631,IJ-118,SA02004,913,27,45,1.0,PC,N-142/67,1.4816142027490415,-121
2023-05-05,6910275,IJ-118,SA02004,15,1,36,1.0,PC,P212/1,0.5166991202011832,-283
2023-02-07,7612532,IJ-118,SA02961,20,5,48,1.0,PC,N-142/67,1.3674095147121963,-370
2023-07-17,4823373,IJ-046,SA02961,369,31,9,1.0,PC,P212/1,1.023763742182691,-210
2023-02-23,9895692,IJ-117,SA02961,596,60,28,1.0,PC,P212/1,1.1413450785245076,-354
2023-11-11,3906925,IJ-118,SA02961,259,86,18,1.0,PC,N-142/67,1.3814676077632333,-93
2023-04-12,3577218,IJ-118,SA02961,454,75,36,1.0,PC,N-142/67,0.959428720898495,-306
2023-07-16,5228689,IJ-046,SA05780,13,21,6,1.0,PC,P212/1,0.7254360625937374,-211
2023-08-11,3639463,IJ-118,SA02004,122,86,32,1.0,PC,P212/1,1.4663508678680808,-185
2023-05-13,7798619,IJ-117,SA02004,734,90,10,1.0,PC,N-142/67,1.0221349425052972,-275
2023-11-04,9603087,IJ-117,SA05780,635,43,32,1.0,PC,N-142/67,1.014323396561998,-100
2023-06-28,3629969,IJ-117,SA05780,405,28,41,1.0,PC,N-142/67,0.647033764367881,-229
2023-02-09,4476997,IJ-118,SA02004,488,60,32,1.0,PC,N-142/67,0.9915889998514659,-368
2023-09-21,6513825,IJ-046,SA05780,379,1,4,1.0,PC,P212/1,1.4756725241403439,-144
2023-11-18,4592062,IJ-118,SA02004,410,82,3,1.0,PC,N-142/67,0.6372069282743745,-86
2023-11-11,1182483,IJ-118,SA02004,609,56,36,1.0,PC,N-142/67,1.3618382717121076,-93
2023-02-02,4017800,IJ-117,SA02961,211,70,10,1.0,PC,N-142/67,0.9152376645067988,-375
2023-09-26,8657285,IJ-117,SA02004,215,1,44,1.0,PC,P212/1,1.0262470883047339,-139
2023-12-21,8782831,IJ-046,SA05780,126,78,20,1.0,PC,P212/1,1.3719250443685764,-53
2023-01-01,4499311,IJ-046,SA02004,305,78,33,1.0,PC,N-142/67,1.093331541382348,-407
2023-12-20,7650696,IJ-118,SA02004,583,72,24,1.0,PC,N-142/67,1.2501866913885133,-54
2023-11-17,9560074,IJ-117,SA02004,197,54,36,1.0,PC,N-142/67,1.196721078397968,-87
2023-03-26,6477488,IJ-118,SA02961,28,55,6,1.0,PC,N-142/67,0.8704266581019929,-323
2023-11-25,5075422,IJ-117,SA02961,924,31,18,1.0,PC,P212/1,1.0058137598090369,-79
2023-07-16,5449267,IJ-117,SA05780,452,58,11,1.0,PC,P212/1,1.3371050182553659,-211
2023-01-09,4080407,IJ-118,SA02961,949,75,8,1.0,PC,P212/1,0.9228163357933783,-399
2023-09-23,5894444,IJ-117,SA05780,933,4,22,1.0,PC,N-142/67,0.8992326683753247,-142
2023-04-23,8045006,IJ-046,SA05780,594,15,4,1.0,PC,N-142/67,1.3797255136195554,-295
2023-11-17,1543424,IJ-117,SA02961,193,83,43,1.0,PC,N-142/67,0.5001053821793943,-87
2023-10-21,8376481,IJ-118,SA02961,288,22,10,1.0,PC,P212/1,0.9099733308029775,-114
2023-03-08,5283222,IJ-117,SA02961,644,41,12,1.0,PC,P212/1,0.5428065602915622,-341
2023-05-08,2677867,IJ-117,SA05780,18,9,13,1.0,PC,N-142/67,0.7087123966094756,-280
2023-08-05,9791980,IJ-046,SA05780,42,25,13,1.0,PC,N-142/67,0.5041366078888126,-191
2023-10-14,5126658,IJ-118,SA02961,637,18,42,1.0,PC,N-142/67,0.9491873179109203,-121
2023-07-03,5978870,IJ-118,SA02961,276,5,48,1.0,PC,P212/1,0.6500435543132652,-224
2023-09-28,2937336,IJ-046,SA02961,196,63,38,1.0,PC,N-142/67,1.251377157791703,-137
2023-11-11,5738081,IJ-117,SA02004,30,95,10,1.0,PC,P212/1,1.4716948951741289,-93
2023-10-26,9348743,IJ-118,SA05780,480,78,36,1.0,PC,N-142/67,0.7493037485034084,-109
2023-06-13,1964516,IJ-117,SA05780,324,33,29,1.0,PC,N-142/67,0.6324130875800995,-244
2023-01-21,1165944,IJ-046,SA02961,850,95,15,1.0,PC,N-142/67,0.885697595018533,-387
2023-12-03,4428044,IJ-117,SA02004,183,77,29,1.0,PC,N-142/67,1.3598361039620626,-71
2023-10-11,1411145,IJ-046,SA02004,42,43,37,1.0,PC,N-142/67,1.430203411963314,-124
2023-09-26,7144452,IJ-118,SA02004,495,29,40,1.0,PC,N-142/67,1.2495574735238038,-139
2023-07-22,5035503,IJ-046,SA05780,609,58,45,1.0,PC,N-142/67,1.4149161077765071,-205
2023-01-25,1102424,IJ-117,SA02004,788,60,29,1.0,PC,N-142/67,0.7029674043852803,-383
2023-08-03,7245486,IJ-118,SA02961,393,22,20,1.0,PC,P212/1,1.1719232562361501,-193
2023-12-05,2120885,IJ-118,SA05780,249,56,45,1.0,PC,N-142/67,0.5149591452483764,-69
2023-04-29,8866856,IJ-118,SA05780,656,6,44,1.0,PC,N-142/67,0.586153713998727,-289
2023-12-14,9094674,IJ-046,SA05780,726,7,43,1.0,PC,P212/1,1.2165705544128973,-60
2023-09-26,8032094,IJ-046,SA05780,834,86,41,1.0,PC,N-142/67,0.760302937425759,-139
2023-11-17,2394489,IJ-117,SA05780,74,60,30,1.0,PC,N-142/67,1.1710202880413947,-87
2023-04-29,2396168,IJ-046,SA05780,890,76,17,1.0,PC,P212/1,0.7728952535279169,-289
2023-08-12,3294124,IJ-046,SA05780,809,72,29,1.0,PC,P212/1,0.7044479815191008,-184
2023-07-22,9557239,IJ-117,SA02961,987,75,36,1.0,PC,N-142/67,1.1110696674570035,-205
2023-08-06,3431467,IJ-046,SA05780,962,36,34,1.0,PC,P212/1,1.4724166304727846,-190
2023-01-01,6259008,IJ-117,SA02004,306,82,18,1.0,PC,N-142/67,1.3635393629420318,-407
2023-02-13,1026191,IJ-118,SA02004,853,76,26,1.0,PC,N-142/67,0.9437627623922853,-364
2023-03-20,3379135,IJ-046,SA02004,435,19,19,1.0,PC,P212/1,0.8582442235860368,-329
2023-07-28,8705633,IJ-046,SA02961,327,48,44,1.0,PC,P212/1,0.866159039399654,-199
2023-03-25,9974489,IJ-118,SA02961,360,53,32,1.0,PC,N-142/67,0.675334907826042,-324
2023-12-03,7861406,IJ-046,SA02961,971,26,42,1.0,PC,N-142/67,0.8386322035987045,-71
2023-07-06,2396215,IJ-118,SA02004,681,66,21,1.0,PC,N-142/67,1.2457025306244387,-221
2023-04-10,7521087,IJ-117,SA05780,216,26,16,1.0,PC,N-142/67,0.551272640806065,-308
2023-02-27,6708210,IJ-117,SA05780,6,98,32,1.0,PC,P212/1,1.2417761790928505,-350
2023-07-06,6755940,IJ-046,SA02004,689,12,34,1.0,PC,N-142/67,0.8257461524683908,-221
2023-01-07,7343997,IJ-118,SA02004,246,73,44,1.0,PC,P212/1,1.2654573904270245,-401
2023-01-17,8013316,IJ-117,SA02961,379,40,38,1.0,PC,N-142/67,0.8191914888869708,-391
2023-10-15,1772940,IJ-046,SA02961,428,12,49,1.0,PC,N-142/67,1.4187886610672846,-120
2023-09-26,1234649,IJ-117,SA05780,92,82,16,1.0,PC,P212/1,1.185547760949773,-139
2023-03-14,7762682,IJ-117,SA02961,364,60,25,1.0,PC,N-142/67,0.6124631605722354,-335
2023-10-30,6642925,IJ-117,SA02961,29,78,38,1.0,PC,N-142/67,1.323128716497917,-105
2023-04-20,6102494,IJ-118,SA05780,878,79,18,1.0,PC,P212/1,1.195597116952928,-298
2023-05-17,7337310,IJ-117,SA02004,639,60,14,1.0,PC,P212/1,1.3538478597836034,-271
2023-02-17,4455586,IJ-118,SA05780,967,94,32,1.0,PC,P212/1,0.9038625256412162,-360
2023-04-11,5033491,IJ-117,SA02961,645,29,1,1.0,PC,P212/1,1.2530770744877913,-307
2023-08-14,4011015,IJ-117,SA02961,671,15,16,1.0,PC,P212/1,0.8075106476397758,-182
2023-03-17,4417939,IJ-118,SA02961,990,99,48,1.0,PC,P212/1,0.9821106143265612,-332
2023-08-14,7039617,IJ-117,SA02961,661,25,8,1.0,PC,N-142/67,0.6217551549083249,-182
2023-10-21,7484008,IJ-118,SA02004,498,64,28,1.0,PC,P212/1,0.5016016858316024,-114
2023-10-22,5699076,IJ-117,SA02004,328,26,22,1.0,PC,N-142/67,0.8694949449213548,-113
2023-08-01,4309831,IJ-046,SA02961,494,86,12,1.0,PC,P212/1,1.4060483549238167,-195
2023-09-21,2462208,IJ-118,SA02961,203,76,12,1.0,PC,N-142/67,1.0128868722610052,-144
2023-12-24,2521526,IJ-118,SA02961,543,14,33,1.0,PC,P212/1,0.908923135763612,-50
2023-01-19,9303453,IJ-117,SA05780,289,70,35,1.0,PC,N-142/67,0.7307268329007831,-389
2023-03-27,6510754,IJ-117,SA02004,933,83,21,1.0,PC,P212/1,1.4934611383349197,-322
2023-11-13,2129157,IJ-118,SA05780,357,5,18,1.0,PC,P212/1,0.9321094255519545,-91
2023-01-23,5960567,IJ-046,SA05780,842,36,36,1.0,PC,P212/1,1.0266539036370825,-385
2023-06-11,9171141,IJ-046,SA05780,467,64,37,1.0,PC,N-142/67,0.7145295362918171,-246
2023-07-15,3971682,IJ-046,SA05780,632,83,14,1.0,PC,N-142/67,0.8675455564757045,-212
2023-10-09,9186526,IJ-118,SA02961,186,67,29,1.0,PC,N-142/67,1.1880103209837987,-126
2023-08-12,8208620,IJ-118,SA02961,555,88,6,1.0,PC,P212/1,1.0362204104477382,-184
2023-05-11,7422468,IJ-046,SA02961,190,98,34,1.0,PC,N-142/67,0.5335812286168155,-277
2023-05-11,1726232,IJ-046,SA05780,152,23,12,1.0,PC,N-142/67,0.7361022869918179,-277
2023-07-19,9861971,IJ-118,SA02004,22,98,17,1.0,PC,P212/1,1.432216918281359,-208
2023-12-27,2406300,IJ-117,SA02961,317,88,34,1.0,PC,P212/1,1.3360343455436885,-47
2023-02-24,6996890,IJ-117,SA05780,704,36,46,1.0,PC,P212/1,1.388625390423186,-353
2023-07-30,5352738,IJ-046,SA02004,331,87,46,1.0,PC,N-142/67,1.4866182646881658,-197
2023-09-06,9822907,IJ-046,SA02004,673,85,26,1.0,PC,N-142/67,1.2670208407774894,-159
2023-08-01,8162264,IJ-118,SA05780,519,22,13,1.0,PC,P212/1,1.1319808426653668,-195
2023-03-27,1071769,IJ-118,SA02004,131,63,38,1.0,PC,N-142/67,0.652466682994784,-322
2023-06-03,8501181,IJ-117,SA05780,744,54,9,1.0,PC,N-142/67,1.0141361161124267,-254
2023-11-20,1200475,IJ-046,SA02961,281,14,22,1.0,PC,P212/1,1.2334882582757574,-84
2023-01-26,5242120,IJ-117,SA02961,329,88,43,1.0,PC,N-142/67,0.9751591200117171,-382
2023-09-26,7262120,IJ-117,SA02004,982,58,15,1.0,PC,N-142/67,0.8476668498898657,-139
2023-05-11,5742842,IJ-118,SA02961,627,77,24,1.0,PC,P212/1,0.7007158609490487,-277
2023-09-29,5389117,IJ-046,SA05780,558,56,21,1.0,PC,N-142/67,1.4754936439262258,-136
2023-09-25,5091933,IJ-046,SA05780,909,93,7,1.0,PC,N-142/67,1.4103158887180196,-140
2023-07-12,5518712,IJ-118,SA02004,796,49,2,1.0,PC,P212/1,0.8376018196218196,-215
2023-09-07,5071592,IJ-118,SA02961,738,32,26,1.0,PC,N-142/67,0.567872627113672,-158
2023-04-25,5445016,IJ-118,SA02961,614,24,20,1.0,PC,P212/1,0.6792848394068175,-293
2023-06-07,4838370,IJ-117,SA02961,517,80,49,1.0,PC,P212/1,1.3638129178916252,-250
2023-01-29,3900804,IJ-117,SA02004,483,94,23,1.0,PC,N-142/67,1.2962063268965993,-379
2023-08-04,3975420,IJ-118,SA05780,786,62,39,1.0,PC,P212/1,1.0103921165682757,-192
2023-10-24,2672447,IJ-118,SA05780,483,91,15,1.0,PC,N-142/67,1.0443731521748276,-111
2023-06-03,2897689,IJ-118,SA02004,844,37,40,1.0,PC,P212/1,0.7535539142682901,-254
2023-06-18,7682710,IJ-117,SA02961,457,20,13,1.0,PC,N-142/67,1.1470213815764523,-239
2023-12-15,6515364,IJ-046,SA02004,57,48,35,1.0,PC,N-142/67,0.6058196805788163,-59
2023-08-26,4028137,IJ-118,SA02961,13,66,41,1.0,PC,P212/1,1.3987987892906746,-170
2023-05-31,8940928,IJ-118,SA05780,664,52,49,1.0,PC,N-142/67,1.2231388062529331,-257
2023-01-16,1659889,IJ-117,SA02961,995,68,47,1.0,PC,P212/1,0.5811977852592907,-392
2023-02-01,1362605,IJ-046,SA02004,269,81,10,1.0,PC,P212/1,1.0807780177110866,-376
2023-02-25,8092175,IJ-118,SA02004,641,54,21,1.0,PC,N-142/67,0.954697340816722,-352
2023-03-30,9242041,IJ-046,SA05780,745,72,43,1.0,PC,N-142/67,0.7437508091842309,-319
2023-04-11,1615624,IJ-046,SA02004,249,22,29,1.0,PC,P212/1,1.3616008370002552,-307
2023-01-22,2391229,IJ-117,SA05780,224,85,20,1.0,PC,N-142/67,0.5383760171118023,-386
2023-02-21,5664705,IJ-117,SA05780,257,60,4,1.0,PC,N-142/67,0.5804671085394872,-356
2023-04-23,1768733,IJ-118,SA02961,558,25,9,1.0,PC,N-142/67,0.9239438787323279,-295
2023-01-30,3050904,IJ-046,SA05780,922,89,39,1.0,PC,P212/1,0.9283485677496569,-378
2023-07-15,1876890,IJ-117,SA02004,670,73,31,1.0,PC,P212/1,0.945000226135223,-212
2023-11-06,7687367,IJ-046,SA05780,95,35,8,1.0,PC,N-142/67,1.2539991231099492,-98
2023-12-04,9099168,IJ-046,SA02961,155,56,28,1.0,PC,P212/1,1.0810912974914828,-70
2023-08-08,6892378,IJ-118,SA05780,863,30,28,1.0,PC,N-142/67,0.7853579609658682,-188
2023-05-17,9655283,IJ-117,SA02004,354,40,41,1.0,PC,N-142/67,1.389795133771075,-271
2023-03-06,8717694,IJ-117,SA02961,187,4,33,1.0,PC,N-142/67,0.7788034229805936,-343
2023-01-21,1262587,IJ-117,SA02961,366,19,34,1.0,PC,P212/1,0.6484898778699946,-387
2023-02-20,5585109,IJ-046,SA05780,32,77,20,1.0,PC,P212/1,0.9963313350487804,-357
2023-06-04,2474826,IJ-046,SA05780,369,95,36,1.0,PC,N-142/67,0.643687826871523,-253
2023-04-25,9929342,IJ-046,SA02004,234,79,3,1.0,PC,N-142/67,0.9294128745892569,-293
2023-01-26,5915398,IJ-046,SA02004,432,25,7,1.0,PC,P212/1,0.6147545623033286,-382
2023-10-09,2534983,IJ-118,SA05780,719,81,31,1.0,PC,N-142/67,1.177909260806203,-126
2023-10-10,1605839,IJ-117,SA02004,217,59,42,1.0,PC,N-142/67,1.0398180691096148,-125
2023-10-05,4984653,IJ-117,SA02004,510,93,19,1.0,PC,P212/1,0.9948094875508043,-130
2023-11-01,3170488,IJ-118,SA02961,112,88,26,1.0,PC,N-142/67,1.3286747919153552,-103
2023-07-23,6128209,IJ-118,SA05780,834,80,46,1.0,PC,N-142/67,1.354657954603519,-204
2023-10-13,6780724,IJ-046,SA02004,262,27,1,1.0,PC,N-142/67,1.3926651664631335,-122
2023-04-05,1203281,IJ-118,SA02004,856,26,16,1.0,PC,N-142/67,0.5034709185329704,-313
2023-04-15,2914315,IJ-118,SA02961,551,61,1,1.0,PC,P212/1,1.4892079526028228,-303
2023-10-11,9492308,IJ-118,SA02961,418,30,38,1.0,PC,N-142/67,0.790387897243751,-124
2023-02-06,5656703,IJ-117,SA05780,232,84,17,1.0,PC,P212/1,0.6209932348957133,-371
2023-07-12,3904850,IJ-117,SA02961,523,63,48,1.0,PC,N-142/67,0.6430573753155282,-215
2023-05-19,5031606,IJ-118,SA02004,900,29,33,1.0,PC,N-142/67,0.8990990733101657,-269
2023-06-28,2141741,IJ-117,SA02004,297,27,3,1.0,PC,N-142/67,0.7125677479654883,-229
2023-11-06,2789858,IJ-117,SA05780,219,51,30,1.0,PC,N-142/67,0.7705667798470756,-98
2023-05-28,4482337,IJ-117,SA02961,447,67,49,1.0,PC,N-142/67,1.357978153112156,-260
2023-05-27,3769224,IJ-046,SA02004,915,27,27,1.0,PC,N-142/67,0.5892605904094316,-261
2023-01-31,4945771,IJ-117,SA02961,434,21,12,1.0,PC,N-142/67,1.4892164310764344,-377
2023-01-04,4255560,IJ-118,SA02004,328,25,9,1.0,PC,P212/1,0.7510613928775901,-404
2023-06-23,1722207,IJ-118,SA02004,661,7,37,1.0,PC,N-142/67,0.634678990153058,-234
2023-04-09,6523432,IJ-118,SA02961,112,95,16,1.0,PC,N-142/67,1.2717477475027557,-309
2023-05-27,9113470,IJ-117,SA02961,465,21,29,1.0,PC,N-142/67,1.4444036511888512,-261
2023-05-04,2874952,IJ-046,SA02004,739,28,37,1.0,PC,P212/1,0.8535480344454313,-284
2023-12-20,3004630,IJ-117,SA05780,843,10,17,1.0,PC,P212/1,1.4751647063326567,-54
2023-09-26,4719448,IJ-046,SA02961,307,61,24,1.0,PC,P212/1,1.3317033563447835,-139
2023-09-30,1802088,IJ-118,SA02961,695,94,3,1.0,PC,N-142/67,0.7703796698682199,-135
2023-02-20,4301226,IJ-117,SA05780,388,21,35,1.0,PC,N-142/67,1.2222723954296568,-357
2023-08-22,9225880,IJ-118,SA05780,306,1,18,1.0,PC,N-142/67,0.564713396333836,-174
2023-10-17,8825007,IJ-117,SA05780,213,83,40,1.0,PC,N-142/67,0.8016517589843241,-118
2023-11-07,1308565,IJ-118,SA05780,648,75,33,1.0,PC,N-142/67,0.9323055924642436,-97
2023-11-16,8218821,IJ-118,SA02004,658,23,39,1.0,PC,P212/1,0.7779871215563807,-88
2023-07-02,9193765,IJ-046,SA02004,741,82,30,1.0,PC,P212/1,1.2300045045910366,-225
2023-10-07,4929180,IJ-046,SA05780,80,80,1,1.0,PC,P212/1,0.5034409396689582,-128
2023-10-30,4527574,IJ-118,SA02961,19,28,48,1.0,PC,P212/1,1.345634103630535,-105
2023-03-15,2072573,IJ-118,SA02004,375,10,21,1.0,PC,N-142/67,1.405575921882941,-334
2023-03-03,6426700,IJ-117,SA02004,990,94,8,1.0,PC,N-142/67,1.1817335744211626,-346
2023-11-14,2664645,IJ-118,SA05780,237,20,10,1.0,PC,N-142/67,1.1392356558087862,-90
2023-05-24,5491841,IJ-118,SA02004,892,43,35,1.0,PC,P212/1,1.0552525462851485,-264
2023-10-21,1518461,IJ-046,SA05780,430,89,39,1.0,PC,N-142/67,0.7220494969581219,-114
2023-07-06,9417350,IJ-118,SA02961,664,64,36,1.0,PC,N-142/67,1.2462566491484854,-221
2023-09-19,1291503,IJ-117,SA02004,864,24,13,1.0,PC,P212/1,0.8179309999854077,-146
2023-10-24,7314456,IJ-046,SA02004,335,52,48,1.0,PC,N-142/67,0.8166920301028969,-111
2023-08-31,3577234,IJ-118,SA02004,388,89,48,1.0,PC,N-142/67,1.0136671443207397,-165
2023-06-23,2327595,IJ-046,SA05780,144,9,45,1.0,PC,P212/1,0.9274448990466367,-234
2023-03-16,6210757,IJ-117,SA02004,590,67,33,1.0,PC,P212/1,1.2931837111619786,-333
2023-04-05,6961959,IJ-046,SA02961,651,54,7,1.0,PC,P212/1,0.9872453836962478,-313
2023-11-11,7772712,IJ-117,SA02961,948,27,31,1.0,PC,P212/1,0.676921800647825,-93
2023-04-15,7635500,IJ-118,SA02961,754,11,42,1.0,PC,N-142/67,1.353660770395551,-303
2023-07-02,1779307,IJ-118,SA02961,615,66,49,1.0,PC,P212/1,1.21884130081943,-225
2023-03-15,8864604,IJ-046,SA02961,623,96,19,1.0,PC,N-142/67,1.2691179683568843,-334
2023-12-05,5962131,IJ-118,SA05780,476,29,41,1.0,PC,N-142/67,0.654326378464329,-69
2023-11-20,1503435,IJ-118,SA02961,886,86,32,1.0,PC,N-142/67,0.576497433667297,-84
2023-10-08,9329425,IJ-118,SA05780,752,46,33,1.0,PC,P212/1,0.6935318347930179,-127
2023-04-02,7483089,IJ-046,SA02004,466,99,35,1.0,PC,P212/1,0.5757860810282736,-316
2023-03-26,2250226,IJ-118,SA02961,307,50,41,1.0,PC,N-142/67,1.269332130799694,-323
2023-01-16,5995722,IJ-046,SA05780,976,70,1,1.0,PC,P212/1,0.57472592948316,-392
2023-08-27,3506008,IJ-117,SA02004,47,11,22,1.0,PC,N-142/67,0.5669503283589211,-169
2023-07-01,7614015,IJ-118,SA02961,679,61,2,1.0,PC,P212/1,0.6313197846466034,-226
2023-04-08,3411741,IJ-118,SA02004,626,46,11,1.0,PC,N-142/67,1.0737662284650846,-310
2023-10-31,1116665,IJ-046,SA02004,891,90,30,1.0,PC,N-142/67,1.3213827159973124,-104
2023-08-14,8770593,IJ-118,SA05780,367,33,7,1.0,PC,N-142/67,0.5645188284103311,-182
2023-02-25,4176907,IJ-046,SA02004,945,58,37,1.0,PC,P212/1,1.2300835271506212,-352
2023-09-19,4964477,IJ-118,SA05780,633,74,49,1.0,PC,P212/1,0.673414023717716,-146
2023-10-16,9841246,IJ-118,SA02961,897,67,49,1.0,PC,N-142/67,1.2348305372801684,-119
2023-03-07,7017356,IJ-118,SA02004,618,26,15,1.0,PC,N-142/67,1.035776271849144,-342
2023-04-03,3399379,IJ-118,SA02004,97,56,19,1.0,PC,P212/1,1.2423074748187948,-315
2023-01-22,6044271,IJ-117,SA02961,713,28,13,1.0,PC,P212/1,1.3131193643974735,-386
2023-09-16,7630945,IJ-117,SA02004,687,80,8,1.0,PC,N-142/67,1.4494063668961168,-149
2023-01-21,7711885,IJ-046,SA02004,564,34,26,1.0,PC,N-142/67,0.5414617683945383,-387
2023-10-02,5301034,IJ-117,SA02961,207,56,9,1.0,PC,P212/1,0.7001845051198939,-133
2023-01-07,6338737,IJ-118,SA05780,9,11,34,1.0,PC,P212/1,0.9068871522609077,-401
2023-09-10,4335074,IJ-118,SA05780,717,6,39,1.0,PC,P212/1,1.4118670383164749,-155
2023-09-09,8837935,IJ-118,SA02004,130,38,39,1.0,PC,P212/1,0.6429532041692169,-156
2023-02-04,2353521,IJ-046,SA05780,216,68,7,1.0,PC,P212/1,0.9162110656122943,-373
2023-01-12,8745133,IJ-046,SA02961,748,15,24,1.0,PC,N-142/67,1.2554765982681064,-396
2023-12-25,4555691,IJ-117,SA05780,634,48,26,1.0,PC,N-142/67,1.4916369501508107,-49
2023-06-18,9530184,IJ-117,SA02961,219,51,16,1.0,PC,N-142/67,0.7744779598696923,-239
2023-04-18,1529147,IJ-046,SA02961,425,63,14,1.0,PC,P212/1,1.2785941239315721,-300
2023-08-11,9295094,IJ-117,SA02961,946,78,46,1.0,PC,N-142/67,1.3033653661291957,-185
2023-11-01,3556518,IJ-117,SA02004,902,64,11,1.0,PC,N-142/67,1.3927049851065503,-103
2023-10-17,3571911,IJ-046,SA02004,9,71,22,1.0,PC,P212/1,0.6405744889322492,-118
2023-12-17,6661288,IJ-117,SA02004,985,98,25,1.0,PC,N-142/67,1.391607902097435,-57
2023-05-15,3245361,IJ-117,SA02961,590,82,10,1.0,PC,P212/1,0.667759655524636,-273
2023-07-25,6105613,IJ-046,SA02961,236,35,43,1.0,PC,P212/1,1.126084500781222,-202
2023-04-03,8714447,IJ-118,SA02961,267,37,1,1.0,PC,N-142/67,0.9408613242749478,-315
2023-10-21,8374873,IJ-046,SA02004,71,64,22,1.0,PC,N-142/67,1.0680901221661272,-114
2023-11-06,1858593,IJ-046,SA05780,554,58,15,1.0,PC,N-142/67,1.1816347656336577,-98
2023-02-13,6951965,IJ-118,SA05780,594,85,33,1.0,PC,N-142/67,0.7639657593731043,-364
2023-04-04,6647795,IJ-117,SA02961,944,20,48,1.0,PC,P212/1,1.0459335829619403,-314
2023-06-17,4915150,IJ-118,SA05780,323,90,41,1.0,PC,P212/1,0.6745599169900421,-240
2023-05-03,9665198,IJ-118,SA05780,84,6,16,1.0,PC,N-142/67,0.9260303975235449,-285
2023-05-02,4707652,IJ-046,SA02961,368,39,48,1.0,PC,P212/1,0.7466441489633141,-286
2023-01-05,2354374,IJ-046,SA02961,338,78,26,1.0,PC,P212/1,1.4685224985209837,-403
2023-09-17,9859984,IJ-046,SA02961,353,99,16,1.0,PC,N-142/67,1.227018005161812,-148
2023-02-26,5191952,IJ-046,SA02004,745,51,47,1.0,PC,P212/1,0.753316677124965,-351
2023-11-02,7423615,IJ-046,SA05780,768,57,33,1.0,PC,N-142/67,1.4173446259358808,-102
2023-05-28,9785536,IJ-046,SA02004,731,72,6,1.0,PC,N-142/67,1.3337584111204124,-260
2023-08-05,6255968,IJ-118,SA05780,803,69,40,1.0,PC,N-142/67,0.8698063635161682,-191
2023-10-10,6588849,IJ-117,SA05780,179,55,4,1.0,PC,P212/1,1.2490479761215454,-125
2023-01-06,5107556,IJ-046,SA02004,181,28,44,1.0,PC,N-142/67,0.7407314296132356,-402
2023-05-12,9948492,IJ-046,SA02004,372,28,15,1.0,PC,N-142/67,1.4330361568445413,-276
2023-11-17,5428228,IJ-046,SA02961,422,75,21,1.0,PC,P212/1,0.9117712864187608,-87
2023-07-10,9564791,IJ-046,SA02004,419,80,38,1.0,PC,N-142/67,1.2953713341498125,-217
2023-09-23,2667157,IJ-118,SA02961,943,82,25,1.0,PC,N-142/67,0.5035764313158835,-142
2023-12-30,9353971,IJ-046,SA02961,367,32,33,1.0,PC,P212/1,1.4936510522572375,-44
2023-07-06,3293487,IJ-117,SA02961,328,23,1,1.0,PC,P212/1,1.1096410896079343,-221
2023-12-09,7052685,IJ-118,SA05780,850,50,12,1.0,PC,N-142/67,0.9065447189751917,-65
2023-02-15,4614296,IJ-117,SA05780,788,70,43,1.0,PC,P212/1,0.5637676036786057,-362
2023-09-24,4905248,IJ-117,SA02004,791,8,9,1.0,PC,P212/1,1.0763407819033093,-141
2023-01-01,4923340,IJ-118,SA05780,784,86,11,1.0,PC,P212/1,1.1361614789505174,-407
2023-05-29,5664812,IJ-118,SA02004,219,78,48,1.0,PC,N-142/67,1.3148217496823797,-259
2023-07-28,8758348,IJ-118,SA02004,17,16,11,1.0,PC,N-142/67,0.7785497673432574,-199
2023-08-24,1546755,IJ-117,SA02961,570,25,38,1.0,PC,N-142/67,1.1426888133266893,-172
2023-02-24,1433710,IJ-118,SA02004,143,92,36,1.0,PC,N-142/67,1.4574796075347107,-353
2023-11-08,3531369,IJ-046,SA05780,894,49,40,1.0,PC,N-142/67,1.257959162611848,-96
2023-04-27,4360648,IJ-046,SA02961,75,49,43,1.0,PC,N-142/67,1.4589458063353709,-291
2023-01-05,2624127,IJ-117,SA02004,975,14,16,1.0,PC,N-142/67,0.5147784098377344,-403
2023-05-13,2929951,IJ-118,SA05780,614,41,18,1.0,PC,P212/1,0.8095536435401385,-275
2023-07-07,2624873,IJ-118,SA02961,728,97,20,1.0,PC,N-142/67,0.9989104770336058,-220
2023-01-30,2430556,IJ-117,SA05780,184,79,41,1.0,PC,P212/1,0.9512865363540561,-378
2023-01-09,3549622,IJ-118,SA02004,514,90,27,1.0,PC,P212/1,0.8107363870328638,-399
2023-03-26,6986365,IJ-046,SA02004,318,61,8,1.0,PC,P212/1,0.719265040116554,-323
2023-02-16,3929255,IJ-046,SA02004,492,55,34,1.0,PC,N-142/67,1.3901079053454977,-361
2023-05-16,9934926,IJ-118,SA02961,384,96,29,1.0,PC,N-142/67,1.4368598373134067,-272
2023-05-12,4094790,IJ-046,SA05780,769,6,10,1.0,PC,P212/1,0.7708868851130514,-276
2023-06-12,7238106,IJ-118,SA02004,383,82,22,1.0,PC,N-142/67,1.2321987262068654,-245
2023-12-14,2096132,IJ-118,SA02961,75,82,43,1.0,PC,N-142/67,1.1606295829305764,-60
2023-02-21,7617338,IJ-118,SA05780,846,80,23,1.0,PC,N-142/67,0.5897592580011032,-356
2023-07-14,9362523,IJ-117,SA02961,893,10,46,1.0,PC,N-142/67,0.6402782570118013,-213
2023-07-10,7238294,IJ-118,SA05780,161,1,16,1.0,PC,N-142/67,1.0609255819854386,-217
2023-12-11,8709439,IJ-117,SA02961,627,8,49,1.0,PC,N-142/67,0.7172321568710965,-63
2023-11-07,7404991,IJ-046,SA02961,63,18,35,1.0,PC,N-142/67,0.8083218885171967,-97
2023-05-29,7559599,IJ-118,SA05780,351,94,49,1.0,PC,N-142/67,0.9084382321153494,-259
2023-11-05,8942789,IJ-046,SA02961,22,83,17,1.0,PC,P212/1,1.4538263121735504,-99
2023-12-04,1986372,IJ-118,SA02961,464,86,3,1.0,PC,N-142/67,1.2152296107200224,-70
2023-02-12,6067797,IJ-118,SA05780,267,45,48,1.0,PC,N-142/67,0.5033991735714978,-365
2023-09-02,8636812,IJ-118,SA02004,768,48,20,1.0,PC,P212/1,0.5190096064473947,-163
2023-01-01,1224076,IJ-046,SA02961,656,37,44,1.0,PC,N-142/67,0.6560546788811631,-407
2023-02-03,4933759,IJ-046,SA05780,998,29,18,1.0,PC,N-142/67,0.6317042244730697,-374
2023-12-26,1129456,IJ-117,SA05780,773,86,1,1.0,PC,P212/1,1.3143996791648225,-48
2023-11-06,7624431,IJ-046,SA02961,340,30,6,1.0,PC,P212/1,1.0068613737787455,-98
2023-03-25,4913922,IJ-046,SA02004,425,55,34,1.0,PC,N-142/67,0.8670898935436083,-324
2023-11-17,1367675,IJ-118,SA02961,684,80,49,1.0,PC,N-142/67,0.6004032269340237,-87
2023-07-01,8656867,IJ-117,SA02004,523,78,10,1.0,PC,P212/1,1.1563001906950017,-226
2023-05-21,4230384,IJ-118,SA05780,714,41,23,1.0,PC,P212/1,1.3037937961698174,-267
2023-03-07,8466147,IJ-118,SA02004,109,48,12,1.0,PC,P212/1,1.0706195332862867,-342
2023-01-18,3841332,IJ-118,SA05780,830,83,22,1.0,PC,N-142/67,1.3767080859786733,-390
2023-10-04,8356666,IJ-118,SA05780,819,68,20,1.0,PC,P212/1,1.1313846107209817,-131
2023-01-17,2692972,IJ-117,SA05780,412,27,16,1.0,PC,P212/1,0.9786952861277038,-391
2023-01-13,1309545,IJ-117,SA02004,206,29,40,1.0,PC,N-142/67,1.4783632422958668,-395
2023-05-20,7547617,IJ-117,SA05780,565,76,28,1.0,PC,P212/1,1.1547434487308796,-268
2023-12-24,4486375,IJ-046,SA02961,315,26,47,1.0,PC,P212/1,0.7520969243157456,-50
2023-10-12,4976816,IJ-046,SA02961,653,25,1,1.0,PC,P212/1,0.9487437740653366,-123
2023-07-26,5001684,IJ-117,SA02961,225,52,33,1.0,PC,P212/1,1.4173449141001626,-201
2023-01-30,8704686,IJ-117,SA02004,470,14,37,1.0,PC,P212/1,0.615572977953122,-378
2023-04-28,9443938,IJ-117,SA02004,827,40,37,1.0,PC,P212/1,0.7922515542108786,-290
2023-03-02,5705215,IJ-117,SA05780,128,88,36,1.0,PC,N-142/67,1.087400068635885,-347
2023-05-25,4771678,IJ-117,SA02004,491,27,44,1.0,PC,P212/1,0.8105176466092583,-263
2023-03-01,7626851,IJ-118,SA02004,856,20,35,1.0,PC,P212/1,0.8812093129896683,-348
2023-05-09,2520858,IJ-118,SA05780,301,54,20,1.0,PC,N-142/67,1.279176277868796,-279
2023-09-23,3117479,IJ-117,SA05780,999,17,35,1.0,PC,P212/1,0.828664693165256,-142
2023-03-10,6660114,IJ-117,SA02961,63,96,26,1.0,PC,P212/1,1.1632670716928688,-339
2023-10-13,9026397,IJ-046,SA02961,375,55,19,1.0,PC,P212/1,1.1119514166433973,-122
2023-02-13,1414707,IJ-046,SA02961,685,73,35,1.0,PC,N-142/67,0.9850967700633703,-364
2023-01-26,2494049,IJ-117,SA02004,310,12,32,1.0,PC,P212/1,0.5504183456818286,-382
2023-01-10,8875164,IJ-117,SA02004,753,41,33,1.0,PC,P212/1,0.9244547446760978,-398
2023-03-02,5556526,IJ-118,SA02961,759,51,6,1.0,PC,N-142/67,0.9073953830190272,-347
2023-04-19,8670479,IJ-117,SA02961,590,64,10,1.0,PC,P212/1,1.365117047451902,-299
2023-10-28,1988930,IJ-046,SA05780,447,98,20,1.0,PC,P212/1,1.1574899574670803,-107
2023-01-24,9788733,IJ-046,SA05780,40,15,1,1.0,PC,P212/1,1.1557177203461115,-384
2023-03-22,9678945,IJ-118,SA02961,943,89,8,1.0,PC,P212/1,0.5150484225767382,-327
2023-05-28,6286045,IJ-118,SA02961,750,21,6,1.0,PC,N-142/67,1.3918668837520372,-260
2023-02-28,1433094,IJ-118,SA02961,439,95,16,1.0,PC,P212/1,1.028239000275431,-349
2023-05-04,2785863,IJ-046,SA02961,782,97,37,1.0,PC,N-142/67,1.2306125473151561,-284
2023-08-10,5680156,IJ-046,SA05780,725,21,28,1.0,PC,P212/1,0.6897700094675183,-186
2023-12-14,7639536,IJ-118,SA02961,232,95,7,1.0,PC,N-142/67,1.2094093124858278,-60
2023-10-02,2161974,IJ-118,SA05780,42,64,16,1.0,PC,N-142/67,1.1980448033906015,-133
2023-10-26,8925087,IJ-117,SA05780,425,63,30,1.0,PC,N-142/67,0.7993253069799209,-109
2023-06-27,5375449,IJ-118,SA02961,388,95,16,1.0,PC,P212/1,1.159170211581567,-230
2023-01-11,2314163,IJ-046,SA02004,61,99,9,1.0,PC,P212/1,1.0242209128919837,-397
2023-11-28,7812739,IJ-117,SA02961,359,70,46,1.0,PC,P212/1,1.0946888692770869,-76
2023-07-08,1185788,IJ-117,SA02004,776,72,29,1.0,PC,N-142/67,0.8959937717359867,-219
2023-08-17,5337183,IJ-118,SA02961,813,28,4,1.0,PC,P212/1,0.6176822002501534,-179
2023-12-24,4061324,IJ-118,SA05780,436,8,31,1.0,PC,P212/1,0.6784469363517923,-50
2023-08-05,4470049,IJ-117,SA05780,582,76,4,1.0,PC,P212/1,0.6113519318305366,-191
2023-03-01,7094068,IJ-046,SA05780,667,27,37,1.0,PC,P212/1,1.4743841098796375,-348
2023-07-04,2878088,IJ-117,SA05780,610,90,20,1.0,PC,N-142/67,0.6793547019609669,-223
2023-10-11,1495356,IJ-046,SA02961,688,86,23,1.0,PC,N-142/67,1.1688966779324557,-124
2023-12-22,7455067,IJ-117,SA02004,253,89,21,1.0,PC,P212/1,0.8166632093170983,-52
2023-02-09,8434042,IJ-046,SA02961,116,7,48,1.0,PC,P212/1,0.7645351461594468,-368
2023-10-03,2339449,IJ-046,SA02961,498,99,27,1.0,PC,N-142/67,1.1762515244971836,-132
2023-07-14,8048292,IJ-046,SA02004,285,84,7,1.0,PC,P212/1,1.379725853613791,-213
2023-05-17,1517802,IJ-046,SA02961,254,85,24,1.0,PC,P212/1,0.8133371258133909,-271
2023-06-27,5318586,IJ-117,SA02004,548,67,44,1.0,PC,P212/1,1.2157031578440909,-230
2023-11-24,8035491,IJ-046,SA02961,815,99,48,1.0,PC,N-142/67,1.3764223744472774,-80
2023-02-16,9662396,IJ-118,SA02004,569,83,49,1.0,PC,N-142/67,0.5086117364315964,-361
2023-08-10,3614865,IJ-117,SA05780,694,37,44,1.0,PC,P212/1,0.9614728586977586,-186
2023-05-09,3513734,IJ-117,SA05780,162,57,17,1.0,PC,N-142/67,1.4801934009745084,-279
2023-10-13,3487200,IJ-117,SA02961,415,46,13,1.0,PC,N-142/67,0.6155781175297966,-122
2023-11-14,1626215,IJ-046,SA02961,525,48,18,1.0,PC,P212/1,0.7105533238986049,-90
2023-06-16,8308729,IJ-118,SA02961,851,89,16,1.0,PC,N-142/67,0.9797006407044689,-241
2023-02-06,7071486,IJ-117,SA05780,243,68,25,1.0,PC,P212/1,0.853544390509576,-371
2023-08-06,6442643,IJ-118,SA05780,6,12,6,1.0,PC,N-142/67,0.8804849914546682,-190
2023-09-21,5999171,IJ-046,SA02004,891,73,6,1.0,PC,P212/1,1.223945316793008,-144
2023-02-20,4677904,IJ-117,SA05780,417,74,16,1.0,PC,N-142/67,1.415672300773092,-357
2023-01-02,8248234,IJ-046,SA02961,912,36,1,1.0,PC,P212/1,1.0132947910903662,-406
2023-09-28,6847326,IJ-118,SA02961,897,58,23,1.0,PC,P212/1,0.7094276831218406,-137
2023-12-02,5824832,IJ-118,SA05780,832,82,45,1.0,PC,N-142/67,1.1355769336404262,-72
2023-02-01,8923069,IJ-117,SA02004,539,87,49,1.0,PC,P212/1,1.449004595301399,-376
2023-11-21,8565914,IJ-118,SA02961,775,95,15,1.0,PC,P212/1,1.2945655084681758,-83
2023-02-12,4652393,IJ-117,SA02961,451,49,27,1.0,PC,N-142/67,1.2709146246642056,-365
2023-08-29,5243704,IJ-118,SA02961,513,96,48,1.0,PC,N-142/67,0.7078277581285365,-167
2023-11-21,4615103,IJ-118,SA05780,148,40,48,1.0,PC,P212/1,0.9164310758113344,-83
2023-11-02,6701833,IJ-118,SA05780,635,50,37,1.0,PC,N-142/67,0.7618736131120393,-102
2023-09-11,5932366,IJ-117,SA02004,746,17,15,1.0,PC,P212/1,0.5101509597023924,-154
2023-03-30,5903864,IJ-046,SA05780,745,53,37,1.0,PC,N-142/67,1.1202230460622917,-319
2023-05-21,9568421,IJ-117,SA02004,778,18,31,1.0,PC,N-142/67,1.4118202277522869,-267
2023-12-13,1025933,IJ-046,SA05780,270,96,41,1.0,PC,P212/1,1.4821784619516332,-61
2023-04-16,1027195,IJ-046,SA02961,840,31,9,1.0,PC,P212/1,0.9378429660201639,-302
2023-11-01,3176512,IJ-117,SA02961,412,46,21,1.0,PC,P212/1,1.0701600418146269,-103
2023-08-02,5418809,IJ-118,SA05780,943,26,28,1.0,PC,P212/1,0.9975739807821093,-194
2023-11-12,5004937,IJ-046,SA05780,946,92,8,1.0,PC,N-142/67,1.1745441442234064,-92
2023-03-19,6350320,IJ-046,SA05780,568,14,19,1.0,PC,P212/1,0.5623292322490008,-330
2023-04-19,9272029,IJ-118,SA05780,504,70,26,1.0,PC,P212/1,1.0122080943397131,-299
2023-07-24,6316913,IJ-046,SA02961,967,50,24,1.0,PC,N-142/67,0.8450611282973496,-203
2023-05-30,3479133,IJ-046,SA05780,160,51,34,1.0,PC,P212/1,1.1531459054430333,-258
2023-03-04,6924942,IJ-118,SA02004,757,58,17,1.0,PC,P212/1,1.0922605657914413,-345
2023-12-17,1476695,IJ-117,SA02004,726,66,41,1.0,PC,P212/1,0.673957642548519,-57
2023-01-09,9223592,IJ-046,SA02004,931,96,31,1.0,PC,N-142/67,1.2387175163260538,-399
2023-11-11,6760779,IJ-046,SA05780,703,85,2,1.0,PC,P212/1,1.3232227109691783,-93
2023-01-19,1228458,IJ-046,SA05780,184,12,15,1.0,PC,P212/1,0.8830037027763432,-389
2023-06-07,4008048,IJ-118,SA05780,385,26,45,1.0,PC,N-142/67,0.7144950485405757,-250
2023-01-04,5611248,IJ-117,SA05780,870,13,23,1.0,PC,N-142/67,0.8907135867752711,-404
2023-11-21,6869719,IJ-117,SA02004,899,56,28,1.0,PC,P212/1,0.646137843734432,-83
2023-07-08,6587537,IJ-046,SA02961,975,61,43,1.0,PC,P212/1,1.0122027980096064,-219
2023-05-29,7043392,IJ-118,SA05780,221,46,32,1.0,PC,N-142/67,1.3562569262445092,-259
2023-10-05,1025322,IJ-117,SA02961,926,24,16,1.0,PC,P212/1,1.0856054155297605,-130
2023-01-18,7280164,IJ-117,SA02004,221,23,26,1.0,PC,N-142/67,0.8520954914905994,-390
2023-12-02,7418112,IJ-046,SA05780,942,8,21,1.0,PC,N-142/67,0.899340168430771,-72
2023-08-30,1040413,IJ-118,SA02961,190,14,3,1.0,PC,P212/1,1.0741970288095795,-166
2023-09-05,7292041,IJ-118,SA02961,245,25,44,1.0,PC,N-142/67,1.366020260554337,-160
2023-10-23,5668667,IJ-118,SA05780,520,60,4,1.0,PC,P212/1,1.1739930499570779,-112
2023-09-10,9701774,IJ-118,SA02004,336,6,46,1.0,PC,N-142/67,0.7759368402643526,-155
2023-10-16,2431045,IJ-118,SA02961,975,83,41,1.0,PC,P212/1,1.4279588371798542,-119
2023-09-16,6441073,IJ-117,SA05780,249,96,36,1.0,PC,P212/1,1.084201362950831,-149
2023-04-20,9596652,IJ-118,SA02961,65,92,23,1.0,PC,N-142/67,0.7970789115773925,-298
2023-04-17,3348877,IJ-117,SA05780,875,67,12,1.0,PC,P212/1,0.6809009968108773,-301
2023-08-15,6052020,IJ-118,SA05780,807,31,48,1.0,PC,N-142/67,1.3578127330832395,-181
2023-06-08,5453368,IJ-046,SA02961,635,99,34,1.0,PC,P212/1,1.2327826636116002,-249
2023-09-28,7219131,IJ-118,SA05780,652,44,24,1.0,PC,N-142/67,0.743788674047518,-137
2023-11-22,7832654,IJ-046,SA02004,982,13,47,1.0,PC,P212/1,0.7314611499362207,-82
2023-02-28,6053447,IJ-118,SA02961,333,52,22,1.0,PC,N-142/67,0.9905424838077024,-349
2023-01-09,2534370,IJ-118,SA02004,12,72,49,1.0,PC,P212/1,0.5869517283335168,-399
2023-10-11,2182096,IJ-118,SA05780,431,63,4,1.0,PC,P212/1,1.4844599170932589,-124
2023-02-03,2851289,IJ-046,SA02004,131,89,18,1.0,PC,N-142/67,0.598580216267317,-374
2023-06-09,8494973,IJ-117,SA02004,99,8,45,1.0,PC,N-142/67,0.6237069711508973,-248
2023-01-15,9070441,IJ-117,SA05780,688,61,29,1.0,PC,P212/1,1.2126328458380975,-393
2023-01-25,9199016,IJ-118,SA02961,697,11,24,1.0,PC,N-142/67,0.970948953364057,-383
2023-06-07,3767043,IJ-118,SA05780,388,2,34,1.0,PC,P212/1,0.745813300798917,-250
2023-08-24,7583922,IJ-046,SA02004,826,47,34,1.0,PC,N-142/67,1.2445655023859548,-172
2023-12-10,1734436,IJ-046,SA02961,110,15,30,1.0,PC,P212/1,1.2425518506060602,-64
2023-04-07,2478717,IJ-046,SA05780,314,47,13,1.0,PC,N-142/67,1.432042538326604,-311
2023-04-05,3305197,IJ-046,SA02961,394,64,44,1.0,PC,N-142/67,0.6842912121867164,-313
2023-10-30,5302863,IJ-046,SA02004,474,71,41,1.0,PC,N-142/67,1.1854365899403987,-105
2023-11-25,4753600,IJ-117,SA02961,7,3,32,1.0,PC,N-142/67,0.6957031234741748,-79
2023-09-03,2308798,IJ-117,SA05780,889,89,28,1.0,PC,N-142/67,1.1744956247959801,-162
2023-02-17,6757002,IJ-046,SA02961,141,7,36,1.0,PC,N-142/67,1.3802581474125644,-360
2023-08-13,2736694,IJ-118,SA02004,450,32,3,1.0,PC,P212/1,0.6686914115218462,-183
2023-10-13,3743644,IJ-118,SA05780,166,31,6,1.0,PC,P212/1,1.3371599231308373,-122
2023-09-23,6748593,IJ-117,SA02004,392,59,13,1.0,PC,N-142/67,1.4354306387876583,-142
2023-07-08,3310286,IJ-046,SA02004,600,37,45,1.0,PC,N-142/67,1.242935245661006,-219
2023-08-19,9105583,IJ-117,SA02961,122,79,33,1.0,PC,P212/1,1.493379694357146,-177
2023-11-26,5276160,IJ-118,SA02961,57,1,47,1.0,PC,N-142/67,1.4408910468358376,-78
2023-02-16,1805945,IJ-117,SA02004,286,62,34,1.0,PC,N-142/67,1.457133297297161,-361
2023-12-16,5417634,IJ-046,SA02961,68,74,38,1.0,PC,N-142/67,1.454521828798775,-58
2023-10-31,3905840,IJ-117,SA05780,130,92,49,1.0,PC,P212/1,0.8122706341507093,-104
2023-05-17,9142532,IJ-046,SA02004,737,66,40,1.0,PC,P212/1,0.5151775857780999,-271
2023-08-13,2555030,IJ-118,SA02961,747,80,16,1.0,PC,P212/1,0.5746995716015826,-183
2023-11-13,3801447,IJ-118,SA02961,553,41,22,1.0,PC,N-142/67,1.3379113170511352,-91
