Cód. Ordem,Cód. Recurso,Cód. Produto,Qtd. Produzida,Qtd. Refugada,Qtd. Retrabalhada,Fator Un.,Cód. Un.,Descrição da massa (Composto),Consumo de massa no item em (Kg/100pçs),Qtd. Produzida Acumulada Total,Qtd. Refugada Acumulada Total,Qtd. Retrabalhada Acumulada Total,Fator Un. Acumulado Total,Consumo de massa no item em (Kg/100pçs) Acumulado Total,Manutencao
2698589,IJ-129,12336,1266,24,0,3,PC,N-110/2,2.04,1266,24,0,3,2.04,-92
2698066,IJ-129,SA07169,1265,4,0,5,PC,P250/14,5.98,2531,28,0,8,8.02,-93
2698066,IJ-129,SA07169,1247,17,0,3,PC,P250/14,4.62,3778,45,0,11,12.64,-94
2698066,IJ-129,SA07169,2,0,0,1,PC,P250/14,1.54,3780,45,0,12,14.18,-95
2698838,IJ-129,SA07451,1232,23,0,4,PC,P250/14,2.56,5012,68,0,16,16.74,-96
2698838,IJ-129,SA07451,324,11,0,2,PC,P250/14,0.68,5336,79,0,18,17.419999999999998,-98
2698796,IJ-129,SA05198,663,17,0,3,PC,MASSA F420/95,1.58,5999,96,0,21,19.0,-99
2698796,IJ-129,SA05198,925,31,0,3,PC,MASSA F420/95,2.7,6924,127,0,24,21.7,-100
2698796,IJ-129,SA05198,1114,35,0,5,PC,MASSA F420/95,15.580000000000002,8038,162,0,29,37.28,-101
2699711,IJ-129,SA02697,1209,24,0,4,PC,F424/40 MARROM,19.48,9247,186,0,33,56.760000000000005,-102
2699711,IJ-129,SA02697,701,11,0,4,PC,F424/40 MARROM,12.849,9948,197,0,37,69.60900000000001,-103
2699735,IJ-129,SA02556,168,27,0,2,PC,MASSA F420/95,2.64,10116,224,0,39,72.24900000000001,-105
2699735,IJ-129,SA02556,470,31,0,2,PC,MASSA F420/95,2.64,10586,255,0,41,74.88900000000001,-106
2699844,IJ-129,17880,739,89,0,6,PC,MASSA F420/95,8.39,11325,344,0,47,83.27900000000001,-107
2699153,IJ-129,SA17439,1206,18,0,4,PC,MASSA F420/201,11.268,12531,362,0,51,94.54700000000001,-108
2700207,IJ-129,SA07439,1031,39,0,4,PC,MASSA F420/191,19.387999999999998,13562,401,0,55,113.935,-109
2699148,IJ-129,17395,708,44,0,3,PC,N144/83,9.01,14270,445,0,58,122.94500000000001,-110
2699148,IJ-129,17395,289,16,0,2,PC,N144/83,2.7,14559,461,0,60,125.64500000000001,-112
2699155,IJ-129,SA17375,1068,28,0,4,PC,N144/83,6.588,15627,489,0,64,132.233,-113
2699118,IJ-129,SA08339,640,77,0,4,PC,N-142/67,6.087,16267,566,0,68,138.32,-114
2699159,IJ-129,18339,1039,40,0,4,PC,N-142/44,5.524,17306,606,0,72,143.844,-115
2700506,IJ-129,SA00269,740,37,0,5,PC,MASSA S315/10 MACARRÃO EXTR  8+/- 1mm,6.541,18046,643,0,77,150.385,-116
2700568,IJ-129,SA02069,474,57,0,4,PC,MASSA S315/10 MACARRÃO EXTR  8+/- 1mm,16.12,18520,700,0,81,166.505,-117
2700568,IJ-129,SA02069,120,0,0,3,PC,MASSA S315/10 MACARRÃO EXTR  8+/- 1mm,14.82,18640,700,0,84,181.325,-119
2700554,IJ-129,SA01945,1315,41,0,4,PC,MASSA S315/10 MACARRÃO EXTR  8+/- 1mm,11.84,19955,741,0,88,193.165,-120
2700507,IJ-129,SA01810,1279,20,0,3,PC,MASSA S315/10 MACARRÃO EXTR  8+/- 1mm,4.8999999999999995,21234,761,0,91,198.065,-121
2700687,IJ-129,SA02842,1357,6,0,4,PC,MASSA F403/32,3.16,22591,767,0,95,201.225,-122
2700556,IJ-129,SA05091,1013,45,0,4,PC,MASSA F420/191,9.395,23604,812,0,99,210.62,-123
2700556,IJ-129,SA05091,590,68,0,6,PC,MASSA F420/191,24.012,24194,880,0,105,234.632,-124
2700737,IJ-129,SA02529,139,28,0,2,PC,F424/40 MARROM,2.814,24333,908,0,107,237.446,-126
2700737,IJ-129,SA02529,780,33,0,5,PC,F424/40 MARROM,20.887,25113,941,0,112,258.33299999999997,-127
2701078,IJ-129,SA07169,881,31,0,3,PC,P250/14,4.62,25994,972,0,115,262.953,-128
2701078,IJ-129,SA07169,1142,48,0,3,PC,P250/14,4.62,27136,1020,0,118,267.573,-129
2701492,IJ-129,SA07170,1311,25,0,4,PC,N148/18,2.77,28447,1045,0,122,270.34299999999996,-130
2701751,IJ-129,SA02483,1233,14,0,4,PC,N148/18,2.908,29680,1059,0,126,273.251,-131
2701751,IJ-129,SA02483,200,4,0,2,PC,N148/18,2.088,29880,1063,0,128,275.339,-133
2701755,IJ-129,SA02209,718,17,0,5,PC,N148/18,7.814,30598,1080,0,133,283.153,-134
2701822,IJ-129,SA05029,664,7,0,4,PC,N146/9,3.3499999999999996,31262,1087,0,137,286.50300000000004,-135
2701822,IJ-129,SA05029,1341,10,0,3,PC,N146/9,2.13,32603,1097,0,140,288.63300000000004,-136
2701822,IJ-129,SA05029,1321,12,0,3,PC,N146/9,2.13,33924,1109,0,143,290.76300000000003,-137
2701991,IJ-129,SA02833,1153,29,0,3,PC,N146/9,1.93,35077,1138,0,146,292.69300000000004,-138
2701991,IJ-129,SA02833,343,14,0,2,PC,N146/9,1.22,35420,1152,0,148,293.91300000000007,-140
2701991,IJ-129,SA02833,759,20,0,3,PC,N146/9,1.818,36179,1172,0,151,295.73100000000005,-141
2702041,IJ-129,SA02326,659,89,0,5,PC,P250/14,4.256,36838,1261,0,156,299.9870000000001,-142
2701755,IJ-129,SA02209,1028,16,0,4,PC,N148/18,3.87,37866,1277,0,160,303.8570000000001,-143
2702165,IJ-129,SA02696,811,54,0,3,PC,MASSA F420/95,13.017000000000001,38677,1331,0,163,316.8740000000001,-144
2702215,IJ-129,SA05420,636,29,0,4,PC,MASSA F420/191,11.017,39313,1360,0,167,327.8910000000001,-145
2702215,IJ-129,SA05420,171,0,0,3,PC,MASSA F420/191,6.678,39484,1360,0,170,334.5690000000001,-147
2702215,IJ-129,SA05420,743,2,0,3,PC,MASSA F420/191,6.678,40227,1362,0,173,341.24700000000007,-148
2701869,IJ-129,SA02481,1166,65,0,4,PC,MASSA F420/95,4.416,41393,1427,0,177,345.66300000000007,-149
2701873,IJ-129,17199,1137,36,0,4,PC,P248/40,2.6559999999999997,42530,1463,0,181,348.3190000000001,-150
2701873,IJ-129,17199,935,42,0,4,PC,P248/40,2.328,43465,1505,0,185,350.64700000000005,-151
2702516,IJ-129,SA07199,692,19,0,5,PC,P250/14,3.156,44157,1524,0,190,353.80300000000005,-152
2702473,IJ-129,SA05062,38,0,0,3,PC,MASSA F420/191,3.95,44195,1524,0,193,357.75300000000004,-154
2702351,IJ-129,SA01981,853,73,0,6,PC,MASSA S315/10 MACARRÃO EXTR  8+/- 1mm,10.629999999999999,45048,1597,0,199,368.38300000000004,-155
2702517,IJ-129,SA01810,1025,25,0,5,PC,MASSA S315/10 MACARRÃO EXTR  8+/- 1mm,14.42,46073,1622,0,204,382.80300000000005,-156
2702712,IJ-129,SA02991,1111,40,0,4,PC,P250/14,10.47,47184,1662,0,208,393.2730000000001,-157
2702712,IJ-129,SA02991,1374,8,0,3,PC,P250/14,2.25,48558,1670,0,211,395.5230000000001,-158
2702712,IJ-129,SA02991,1341,6,0,3,PC,P250/14,2.25,49899,1676,0,214,397.7730000000001,-159
2702712,IJ-129,SA02991,349,7,0,2,PC,P250/14,1.5,50248,1683,0,216,399.2730000000001,-161
2703362,IJ-129,SA07564,1061,37,0,5,PC,N148/18,2.1100000000000003,51309,1720,0,221,401.3830000000001,-162
2703362,IJ-129,SA07564,900,18,0,4,PC,N148/18,1.838,52209,1738,0,225,403.2210000000001,-163
2703589,IJ-129,SA05246,1107,41,0,3,PC,MASSA F420/95,1.7369999999999999,53316,1779,0,228,404.95800000000014,-164
2703589,IJ-129,SA05246,1323,32,0,3,PC,MASSA F420/95,1.7369999999999999,54639,1811,0,231,406.69500000000016,-165
2703589,IJ-129,SA05246,1317,27,0,4,PC,MASSA F420/95,2.316,55956,1838,0,235,409.01100000000014,-166
2703589,IJ-129,SA05246,766,15,0,2,PC,MASSA F420/95,1.158,56722,1853,0,237,410.16900000000015,-167
2703589,IJ-129,SA05246,193,15,0,3,PC,MASSA F420/95,1.7279999999999998,56915,1868,0,240,411.89700000000016,-168
2703890,IJ-129,SA02794,1031,67,0,4,PC,MASSA F403/32,2.16,57946,1935,0,244,414.0570000000002,-169
2703890,IJ-129,SA02794,1120,22,0,3,PC,MASSA F403/32,1.53,59066,1957,0,247,415.58700000000016,-170
2704029,IJ-129,SA05198,1009,55,0,5,PC,MASSA F420/95,3.72,60075,2012,0,252,419.3070000000002,-171
2704029,IJ-129,SA05198,912,49,0,3,PC,MASSA F420/95,2.7,60987,2061,0,255,422.0070000000002,-172
2704029,IJ-129,SA05198,1123,38,0,4,PC,MASSA F420/95,3.6,62110,2099,0,259,425.6070000000002,-173
2704029,IJ-129,SA05198,660,32,0,2,PC,MASSA F420/95,1.8,62770,2131,0,261,427.4070000000002,-174
2704029,IJ-129,SA05198,185,0,0,4,PC,MASSA F420/95,3.6,62955,2131,0,265,431.00700000000023,-175
2704029,IJ-129,SA05198,1131,42,0,4,PC,MASSA F420/95,5.6,64086,2173,0,269,436.60700000000026,-176
2704285,IJ-129,SA02483,886,26,0,5,PC,N148/18,7.742,64972,2199,0,274,444.3490000000003,-177
2704228,IJ-129,12385,1184,16,0,5,PC,N-142/44,3.44,66156,2215,0,279,447.78900000000027,-178
2704290,IJ-129,SA07381,1430,16,0,4,PC,N148/18,1.975,67586,2231,0,283,449.7640000000003,-179
2704290,IJ-129,SA07381,1322,18,0,5,PC,N148/18,1.6500000000000001,68908,2249,0,288,451.41400000000027,-180
2704427,IJ-129,SA02862,308,17,0,2,PC,MASSA F403/32,1.71,69216,2266,0,290,453.12400000000025,-181
2704427,IJ-129,SA02862,39,12,0,2,PC,MASSA F403/32,3.06,69255,2278,0,292,456.18400000000025,-182
2704427,IJ-129,SA02862,959,54,0,4,PC,MASSA F403/32,4.54,70214,2332,0,296,460.7240000000003,-183
2704426,IJ-129,SA07880,1285,16,0,4,PC,MASSA F403/32,3.8,71499,2348,0,300,464.5240000000003,-184
2704426,IJ-129,SA07880,1295,24,0,4,PC,MASSA F403/32,3.6390000000000002,72794,2372,0,304,468.1630000000003,-185
2703589,IJ-129,SA05246,1305,34,0,3,PC,MASSA F420/95,1.7369999999999999,74099,2406,0,307,469.9000000000003,-186
2703589,IJ-129,SA05246,1367,29,0,4,PC,MASSA F420/95,2.316,75466,2435,0,311,472.2160000000003,-187
2703589,IJ-129,SA05246,807,17,0,2,PC,MASSA F420/95,1.158,76273,2452,0,313,473.3740000000003,-188
2703589,IJ-129,SA05246,212,28,0,2,PC,MASSA F420/95,1.158,76485,2480,0,315,474.5320000000003,-189
2703589,IJ-129,SA05246,1312,39,0,3,PC,MASSA F420/95,1.7369999999999999,77797,2519,0,318,476.26900000000035,-190
2704768,IJ-129,SA02629,401,21,0,4,PC,MASSA F403/32,7.989000000000001,78198,2540,0,322,484.2580000000003,-191
2704768,IJ-129,SA02629,1189,22,0,3,PC,MASSA F403/32,7.41,79387,2562,0,325,491.66800000000035,-192
2705128,IJ-129,SA02511,1030,32,0,5,PC,MASSA F420/95,11.596,80417,2594,0,330,503.26400000000035,-193
2705600,IJ-129,SA05269,1169,66,0,5,PC,MASSA F403/32,4.372,81586,2660,0,335,507.63600000000037,-194
2705599,IJ-129,SA02594,505,34,0,3,PC,MASSA F420/95,3.468,82091,2694,0,338,511.1040000000004,-195
2705599,IJ-129,SA02594,153,6,0,2,PC,MASSA F420/95,3.1,82244,2700,0,340,514.2040000000004,-196
2705725,IJ-129,SA17224,715,51,0,6,PC,P248/40,4.0920000000000005,82959,2751,0,346,518.2960000000004,-197
2705729,IJ-129,SA07138,924,52,0,4,PC,P250/14,2.84,83883,2803,0,350,521.1360000000004,-198
2705803,IJ-129,SA07028,851,39,0,3,PC,P250/14,2.6550000000000002,84734,2842,0,353,523.7910000000004,-199
2705803,IJ-129,SA07028,865,14,0,5,PC,P250/14,3.715,85599,2856,0,358,527.5060000000004,-200
2705947,IJ-129,SA07169,1120,17,0,4,PC,P250/14,6.16,86719,2873,0,362,533.6660000000004,-201
2705947,IJ-129,SA07169,697,9,0,3,PC,P250/14,3.42,87416,2882,0,365,537.0860000000004,-202
2705996,IJ-129,SA07451,177,15,0,2,PC,P250/14,0.68,87593,2897,0,367,537.7660000000003,-203
2705996,IJ-129,SA07451,1258,6,0,3,PC,P250/14,1.02,88851,2903,0,370,538.7860000000003,-204
2706152,IJ-129,SA07032,1182,38,0,5,PC,N146/9,3.57,90033,2941,0,375,542.3560000000003,-205
2706153,IJ-129,SA07033,842,36,0,5,PC,N146/9,3.19,90875,2977,0,380,545.5460000000004,-206
2706301,IJ-129,SA07439,967,47,0,5,PC,MASSA F420/191,8.728,91842,3024,0,385,554.2740000000003,-207
2706301,IJ-129,SA07439,743,100,0,3,PC,MASSA F420/191,10.152,92585,3124,0,388,564.4260000000004,-208
2706301,IJ-129,SA07439,190,0,0,2,PC,MASSA F420/191,6.768,92775,3124,0,390,571.1940000000004,-210
2706301,IJ-129,SA07439,1089,47,0,3,PC,MASSA F420/191,10.152,93864,3171,0,393,581.3460000000005,-211
2705725,IJ-129,SA17224,701,58,0,4,PC,P248/40,7.804,94565,3229,0,397,589.1500000000004,-212
2705725,IJ-129,SA17224,664,40,0,3,PC,P248/40,1.554,95229,3269,0,400,590.7040000000004,-213
2706600,IJ-129,SA01945,978,22,0,5,PC,MASSA S315/10 MACARRÃO EXTR  8+/- 1mm,5.798,96207,3291,0,405,596.5020000000004,-214
2706600,IJ-129,SA01945,1089,147,0,4,PC,MASSA S315/10 MACARRÃO EXTR  8+/- 1mm,9.2,97296,3438,0,409,605.7020000000005,-215
2706693,IJ-129,SA02629,570,48,0,3,PC,MASSA F403/32,7.24,97866,3486,0,412,612.9420000000005,-216
2706693,IJ-129,SA02629,290,10,0,2,PC,MASSA F403/32,4.94,98156,3496,0,414,617.8820000000005,-217
2706693,IJ-129,SA02629,1176,22,0,3,PC,MASSA F403/32,7.41,99332,3518,0,417,625.2920000000005,-218
2706964,IJ-129,SA07880,1005,30,0,4,PC,MASSA F403/32,6.98,100337,3548,0,421,632.2720000000005,-219
2706964,IJ-129,SA07880,1030,108,0,3,PC,MASSA F403/32,3.06,101367,3656,0,424,635.3320000000004,-220
2706964,IJ-129,SA07880,1355,51,0,3,PC,MASSA F403/32,3.06,102722,3707,0,427,638.3920000000004,-221
2707648,IJ-129,SA05167,1077,18,0,6,PC,MASSA F403/32,4.676,103799,3725,0,433,643.0680000000004,-222
2707648,IJ-129,SA05167,434,14,0,1,PC,MASSA F403/32,0.531,104233,3739,0,434,643.5990000000004,-223
2707648,IJ-129,SA05167,299,11,0,3,PC,MASSA F403/32,1.593,104532,3750,0,437,645.1920000000003,-224
2707696,IJ-129,SA05269,1128,8,0,4,PC,MASSA F403/32,1.798,105660,3758,0,441,646.9900000000004,-225
2707696,IJ-129,SA05269,1385,11,0,3,PC,MASSA F403/32,1.104,107045,3769,0,444,648.0940000000004,-226
2707696,IJ-129,SA05269,1257,10,0,3,PC,MASSA F403/32,1.104,108302,3779,0,447,649.1980000000004,-227
2707886,IJ-129,12558,890,53,0,5,PC,MASSA F420/134,1.8279999999999998,109192,3832,0,452,651.0260000000004,-228
2707696,IJ-129,SA05269,1055,22,0,3,PC,MASSA F403/32,2.056,110247,3854,0,455,653.0820000000004,-229
2708054,IJ-129,SA02556,335,12,0,2,PC,MASSA F420/95,2.64,110582,3866,0,457,655.7220000000004,-231
2708054,IJ-129,SA02556,1104,30,0,4,PC,MASSA F420/95,4.86,111686,3896,0,461,660.5820000000004,-232
2708148,IJ-129,SA17736,837,38,0,3,PC,MASSA F420/134,2.7,112523,3934,0,464,663.2820000000005,-233
2707595,IJ-129,SA00421,1038,28,0,4,PC,N-142/67,3.46,113561,3962,0,468,666.7420000000005,-234
2707595,IJ-129,SA00421,1151,17,0,4,PC,N-142/67,5.08,114712,3979,0,472,671.8220000000006,-235
2708132,IJ-129,SA01981,866,42,0,5,PC,MASSA S315/10 MACARRÃO EXTR  8+/- 1mm,9.35,115578,4021,0,477,681.1720000000006,-236
2708132,IJ-129,SA01981,831,17,0,3,PC,MASSA S315/10 MACARRÃO EXTR  8+/- 1mm,5.12,116409,4038,0,480,686.2920000000006,-237
2708433,IJ-129,SA01810,338,1,0,2,PC,MASSA S315/10 MACARRÃO EXTR  8+/- 1mm,2.6,116747,4039,0,482,688.8920000000006,-238
2708433,IJ-129,SA01810,1339,1,0,3,PC,MASSA S315/10 MACARRÃO EXTR  8+/- 1mm,3.9000000000000004,118086,4040,0,485,692.7920000000006,-239
2708433,IJ-129,SA01810,658,19,0,4,PC,MASSA S315/10 MACARRÃO EXTR  8+/- 1mm,12.447000000000001,118744,4059,0,489,705.2390000000006,-240
2708586,IJ-129,SA02529,569,100,0,3,PC,F424/40 MARROM,4.221,119313,4159,0,492,709.4600000000006,-241
2708586,IJ-129,SA02529,1019,40,0,3,PC,F424/40 MARROM,4.221,120332,4199,0,495,713.6810000000006,-242
2708586,IJ-129,SA02529,1080,31,0,4,PC,F424/40 MARROM,5.628,121412,4230,0,499,719.3090000000007,-243
2708586,IJ-129,SA02529,888,4,0,2,PC,F424/40 MARROM,2.814,122300,4234,0,501,722.1230000000006,-244
2708586,IJ-129,SA02529,137,9,0,2,PC,F424/40 MARROM,2.814,122437,4243,0,503,724.9370000000006,-245
2708794,IJ-129,SA07439,853,54,0,3,PC,MASSA F420/191,10.152,123290,4297,0,506,735.0890000000006,-246
2708794,IJ-129,SA07439,640,74,0,3,PC,MASSA F420/191,10.152,123930,4371,0,509,745.2410000000007,-247
2709019,IJ-129,SA02483,1166,11,0,4,PC,N148/18,8.856,125096,4382,0,513,754.0970000000007,-248
2709019,IJ-129,SA02483,1284,15,0,4,PC,N148/18,3.588,126380,4397,0,517,757.6850000000006,-249
2709119,IJ-129,SA02593,1016,47,0,5,PC,N148/18,2.1100000000000003,127396,4444,0,522,759.7950000000006,-250
2709137,IJ-129,SA07451,733,3,0,2,PC,P250/14,0.68,128129,4447,0,524,760.4750000000006,-251
2709137,IJ-129,SA07451,236,31,0,2,PC,P250/14,0.68,128365,4478,0,526,761.1550000000005,-252
2709137,IJ-129,SA07451,982,22,0,4,PC,P250/14,3.49,129347,4500,0,530,764.6450000000006,-253
2709504,IJ-129,SA02629,1092,44,0,3,PC,MASSA F403/32,7.41,130439,4544,0,533,772.0550000000005,-254
2709504,IJ-129,SA02629,1018,23,0,4,PC,MASSA F403/32,9.71,131457,4567,0,537,781.7650000000006,-255
2709851,IJ-129,SA01945,1081,64,0,4,PC,MASSA S315/10 MACARRÃO EXTR  8+/- 1mm,8.809999999999999,132538,4631,0,541,790.5750000000005,-256
2709852,IJ-129,SA01981,1208,13,0,4,PC,MASSA S315/10 MACARRÃO EXTR  8+/- 1mm,7.64,133746,4644,0,545,798.2150000000005,-257
2709852,IJ-129,SA01981,834,7,0,3,PC,MASSA S315/10 MACARRÃO EXTR  8+/- 1mm,6.51,134580,4651,0,548,804.7250000000005,-258
2709851,IJ-129,SA01945,302,0,0,2,PC,MASSA S315/10 MACARRÃO EXTR  8+/- 1mm,4.6,134882,4651,0,550,809.3250000000005,-259
2709851,IJ-129,SA01945,1154,6,0,4,PC,MASSA S315/10 MACARRÃO EXTR  8+/- 1mm,9.2,136036,4657,0,554,818.5250000000005,-260
2710342,IJ-129,SA07170,1315,13,0,4,PC,N148/18,3.53,137351,4670,0,558,822.0550000000005,-261
2710341,IJ-129,SA07169,924,25,0,3,PC,P250/14,3.49,138275,4695,0,561,825.5450000000005,-262
2710341,IJ-129,SA07169,951,65,0,4,PC,P250/14,4.02,139226,4760,0,565,829.5650000000005,-263
2710603,IJ-129,SA07745,648,15,0,3,PC,P250/14,2.152,139874,4775,0,568,831.7170000000006,-264
2710604,IJ-129,SA05537,241,7,0,1,PC,MASSA F403/32,0.841,140115,4782,0,569,832.5580000000006,-266
2710680,IJ-129,SA07439,790,44,0,3,PC,MASSA F420/191,7.609,140905,4826,0,572,840.1670000000006,-267
2710680,IJ-129,SA07439,729,47,0,4,PC,MASSA F420/191,4.884,141634,4873,0,576,845.0510000000006,-268
2710872,IJ-129,SA02483,1326,23,0,4,PC,N148/18,3.632,142960,4896,0,580,848.6830000000006,-269
2710872,IJ-129,SA02483,1110,18,0,4,PC,N148/18,11.968000000000002,144070,4914,0,584,860.6510000000005,-270
2710992,IJ-129,SA01945,1029,28,0,5,PC,MASSA S315/10 MACARRÃO EXTR  8+/- 1mm,14.14,145099,4942,0,589,874.7910000000005,-271
2710992,IJ-129,SA01945,778,1,0,2,PC,MASSA S315/10 MACARRÃO EXTR  8+/- 1mm,4.6,145877,4943,0,591,879.3910000000005,-272
2710992,IJ-129,SA01945,357,2,0,2,PC,MASSA S315/10 MACARRÃO EXTR  8+/- 1mm,4.6,146234,4945,0,593,883.9910000000006,-273
2710992,IJ-129,SA01945,1376,3,0,3,PC,MASSA S315/10 MACARRÃO EXTR  8+/- 1mm,6.8999999999999995,147610,4948,0,596,890.8910000000005,-274
2711115,IJ-129,SA07564,768,45,0,4,PC,N148/18,3.32,148378,4993,0,600,894.2110000000006,-275
2711268,IJ-129,12385,1011,35,0,5,PC,N-142/44,3.35,149389,5028,0,605,897.5610000000006,-276
2711268,IJ-129,12385,1232,41,0,3,PC,N-142/44,0.9299999999999999,150621,5069,0,608,898.4910000000006,-277
2710771,IJ-129,SA02853,808,156,0,5,PC,MASSA F420/191,7.51,151429,5225,0,613,906.0010000000005,-278
2710771,IJ-129,SA02853,751,6,0,2,PC,MASSA F420/191,3.6,152180,5231,0,615,909.6010000000006,-279
2710771,IJ-129,SA02853,180,0,0,2,PC,MASSA F420/191,6.139,152360,5231,0,617,915.7400000000006,-280
2711114,IJ-129,SA02696,233,29,0,2,PC,MASSA F420/95,8.678,152593,5260,0,619,924.4180000000006,-281
2711114,IJ-129,SA02696,616,53,0,3,PC,MASSA F420/95,13.017000000000001,153209,5313,0,622,937.4350000000006,-282
2711590,IJ-129,SA07439,1012,27,0,3,PC,MASSA F420/191,10.152,154221,5340,0,625,947.5870000000007,-283
2711590,IJ-129,SA07439,1106,23,0,3,PC,MASSA F420/191,10.152,155327,5363,0,628,957.7390000000007,-284
2711590,IJ-129,SA07439,961,56,0,5,PC,MASSA F420/191,21.378,156288,5419,0,633,979.1170000000008,-285
2712132,IJ-129,SA02529,617,11,0,2,PC,F424/40 MARROM,2.814,156905,5430,0,635,981.9310000000007,-286
2712132,IJ-129,SA02529,295,8,0,2,PC,F424/40 MARROM,2.814,157200,5438,0,637,984.7450000000007,-287
2712132,IJ-129,SA02529,1004,53,0,3,PC,F424/40 MARROM,4.221,158204,5491,0,640,988.9660000000007,-288
2712132,IJ-129,SA02529,1231,18,0,3,PC,F424/40 MARROM,4.221,159435,5509,0,643,993.1870000000007,-289
2712132,IJ-129,SA02529,1180,6,0,3,PC,F424/40 MARROM,4.221,160615,5515,0,646,997.4080000000007,-290
2712704,IJ-129,SA02556,1051,29,0,4,PC,MASSA F420/95,5.541,161666,5544,0,650,1002.9490000000008,-291
2712704,IJ-129,SA02556,1326,5,0,3,PC,MASSA F420/95,3.96,162992,5549,0,653,1006.9090000000008,-292
2712704,IJ-129,SA02556,325,2,0,1,PC,MASSA F420/95,1.32,163317,5551,0,654,1008.2290000000008,-294
2712704,IJ-129,SA02556,1396,7,0,3,PC,MASSA F420/95,3.96,164713,5558,0,657,1012.1890000000009,-295
2713048,IJ-129,SA05537,1049,0,0,3,PC,MASSA F403/32,3.002,165762,5558,0,660,1015.1910000000008,-296
2712974,IJ-129,SA07451,985,54,0,4,PC,P250/14,1.861,166747,5612,0,664,1017.0520000000008,-297
2712974,IJ-129,SA07451,580,100,0,4,PC,P250/14,1.7160000000000002,167327,5712,0,668,1018.7680000000008,-298
2713218,IJ-129,SA17224,317,30,0,3,PC,P248/40,1.554,167644,5742,0,671,1020.3220000000008,-299
2713218,IJ-129,SA17224,809,45,0,4,PC,P248/40,2.208,168453,5787,0,675,1022.5300000000008,-305
2713286,IJ-129,SA02991,1109,21,0,3,PC,P250/14,2.08,169562,5808,0,678,1024.6100000000008,-306
2713465,IJ-129,SA02305,382,10,0,2,PC,N148/18,1.16,169944,5818,0,680,1025.770000000001,-307
2713465,IJ-129,SA02305,13,0,0,1,PC,N148/18,0.58,169957,5818,0,681,1026.3500000000008,-311
2713465,IJ-129,SA02305,1184,39,0,4,PC,N148/18,1.1199999999999999,171141,5857,0,685,1027.4700000000007,-312
2713466,IJ-129,SA02894,1164,30,0,5,PC,N148/18,11.74,172305,5887,0,690,1039.2100000000007,-313
2713809,IJ-129,SA07281,681,16,0,2,PC,N148/18,8.14,172986,5903,0,692,1047.3500000000008,-314
2713810,IJ-129,SA07564,284,5,0,2,PC,N148/18,0.68,173270,5908,0,694,1048.0300000000009,-315
2713904,IJ-129,SA07381,1155,22,0,4,PC,N148/18,2.0050000000000003,174425,5930,0,698,1050.035000000001,-316
2714173,IJ-129,SA02026,1229,18,0,4,PC,N148/18,5.67,175654,5948,0,702,1055.705000000001,-317
2714174,IJ-129,SA00421,922,36,0,4,PC,N-142/67,7.669999999999999,176576,5984,0,706,1063.3750000000011,-318
2714174,IJ-129,SA00421,1168,35,0,3,PC,N-142/67,2.4899999999999998,177744,6019,0,709,1065.8650000000011,-319
2714513,IJ-129,SA05055,1041,24,0,6,PC,MASSA F420/95,5.885,178785,6043,0,715,1071.7500000000011,-320
2714512,IJ-129,SA05537,416,12,0,3,PC,MASSA F403/32,2.5229999999999997,179201,6055,0,718,1074.273000000001,-321
2714630,IJ-129,SA01810,2669,0,0,3,PC,MASSA S315/10 MACARRÃO EXTR  8+/- 1mm,3.441,181870,6055,0,721,1077.714000000001,-324
2714713,IJ-129,SA02069,726,55,0,5,PC,MASSA S315/10 MACARRÃO EXTR  8+/- 1mm,12.420000000000002,182596,6110,0,726,1090.1340000000012,-325
2714699,IJ-129,27976,475,47,0,4,PC,P250/14,8.771,183071,6157,0,730,1098.905000000001,-326
2714699,IJ-129,27976,583,64,0,4,PC,P250/14,5.108,183654,6221,0,734,1104.013000000001,-327
2714699,IJ-129,27976,281,21,0,1,PC,P250/14,1.277,183935,6242,0,735,1105.290000000001,-328
2714893,IJ-129,SA02483,287,0,0,2,PC,N148/18,2.088,184222,6242,0,737,1107.378000000001,-329
2714893,IJ-129,SA02483,905,7,0,2,PC,N148/18,2.088,185127,6249,0,739,1109.466000000001,-330
2714970,IJ-129,SA07425,1011,8,0,3,PC,N-142/67,2.4000000000000004,186138,6257,0,742,1111.8660000000011,-331
2714970,IJ-129,SA07425,1428,6,0,3,PC,N-142/67,2.4000000000000004,187566,6263,0,745,1114.2660000000012,-332
2715041,IJ-129,SA07381,1352,7,0,4,PC,N148/18,2.4650000000000003,188918,6270,0,749,1116.7310000000011,-333
2715041,IJ-129,SA07381,1358,12,0,4,PC,N148/18,2.22,190276,6282,0,753,1118.9510000000012,-334
2715041,IJ-129,SA07381,517,3,0,4,PC,N148/18,4.312,190793,6285,0,757,1123.263000000001,-335
2715276,IJ-129,18391,182,0,0,1,PC,N-142/44,0.757,190975,6285,0,758,1124.0200000000011,-336
2715377,IJ-129,SA00421,1141,3,0,5,PC,N-142/67,4.077,192116,6288,0,763,1128.0970000000011,-337
2715381,IJ-129,18433,457,53,0,5,PC,P250/14,1.375,192573,6341,0,768,1129.4720000000011,-338
2715381,IJ-129,18433,755,37,0,3,PC,P250/14,0.8250000000000001,193328,6378,0,771,1130.2970000000012,-339
2715381,IJ-129,18433,648,59,0,4,PC,P250/14,1.1,193976,6437,0,775,1131.397000000001,-340
2715381,IJ-129,18433,677,16,0,5,PC,P250/14,2.9130000000000003,194653,6453,0,780,1134.310000000001,-341
2714893,IJ-129,SA02483,822,4,0,2,PC,N148/18,2.088,195475,6457,0,782,1136.398000000001,-342
2714893,IJ-129,SA02483,334,10,0,2,PC,N148/18,2.088,195809,6467,0,784,1138.486000000001,-343
2714893,IJ-129,SA02483,1057,24,0,4,PC,N148/18,4.632,196866,6491,0,788,1143.118000000001,-344
2716088,IJ-129,SA02445,815,0,0,5,PC,N148/18,5.67,197681,6491,0,793,1148.7880000000011,-345
2716112,IJ-129,SA01276,1256,4,0,5,PC,N148/18,6.63,198937,6495,0,798,1155.4180000000013,-346
2716476,IJ-129,SA02490,1137,36,0,5,PC,N148/18,6.29,200074,6531,0,803,1161.7080000000012,-347
2716111,IJ-129,SA07033,1357,29,0,5,PC,N146/9,3.6799999999999997,201431,6560,0,808,1165.3880000000013,-348
2716111,IJ-129,SA07033,346,20,0,3,PC,N146/9,3.27,201777,6580,0,811,1168.6580000000013,-349
2714033,IJ-129,SA00269,266,4,0,3,PC,MASSA S315/10 MACARRÃO EXTR  8+/- 1mm,3.84,202043,6584,0,814,1172.4980000000012,-350
2716608,IJ-129,SA01945,1089,57,0,4,PC,MASSA S315/10 MACARRÃO EXTR  8+/- 1mm,7.16,203132,6641,0,818,1179.6580000000013,-351
2714033,IJ-129,SA00269,1173,18,0,6,PC,MASSA S315/10 MACARRÃO EXTR  8+/- 1mm,8.58,204305,6659,0,824,1188.2380000000012,-352
2716886,IJ-129,SA05029,1366,10,0,3,PC,N146/9,2.13,205671,6669,0,827,1190.3680000000013,-353
2716886,IJ-129,SA05029,1414,22,0,3,PC,N146/9,2.13,207085,6691,0,830,1192.4980000000014,-354
2716968,IJ-129,SA02393,846,16,0,6,PC,N-142/67,7.12,207931,6707,0,836,1199.6180000000013,-355
2717173,IJ-129,SA01810,834,11,0,2,PC,MASSA S315/10 MACARRÃO EXTR  8+/- 1mm,2.6,208765,6718,0,838,1202.2180000000012,-356
2717173,IJ-129,SA01810,399,0,0,3,PC,MASSA S315/10 MACARRÃO EXTR  8+/- 1mm,3.9000000000000004,209164,6718,0,841,1206.1180000000013,-357
2716882,IJ-129,SA01981,1154,11,0,4,PC,MASSA S315/10 MACARRÃO EXTR  8+/- 1mm,6.42,210318,6729,0,845,1212.5380000000014,-358
2715795,IJ-129,SA02853,863,47,0,5,PC,MASSA F420/191,11.31,211181,6776,0,850,1223.8480000000013,-359
2717338,IJ-129,12973,983,39,0,4,PC,MASSA F420/134,6.415,212164,6815,0,854,1230.2630000000013,-360
2717328,IJ-129,SA07451,1360,25,0,4,PC,P250/14,1.742,213524,6840,0,858,1232.0050000000012,-361
2717034,IJ-129,SA05167,1151,0,0,3,PC,MASSA F403/32,5.132000000000001,214675,6840,0,861,1237.1370000000013,-362
2717468,IJ-129,SA07281,238,19,0,2,PC,N148/18,8.14,214913,6859,0,863,1245.2770000000014,-364
2717602,IJ-129,SA02483,1093,57,0,4,PC,N148/18,10.228000000000002,216006,6916,0,867,1255.5050000000015,-365
2717602,IJ-129,SA02483,1073,38,0,3,PC,N148/18,3.132,217079,6954,0,870,1258.6370000000015,-366
2717699,IJ-129,SA02629,983,27,0,7,PC,MASSA F403/32,14.801000000000002,218062,6981,0,877,1273.4380000000015,-367
2717812,IJ-129,SA02529,716,9,0,5,PC,F424/40 MARROM,17.549,218778,6990,0,882,1290.9870000000014,-368
2717886,IJ-129,SA02696,836,32,0,6,PC,MASSA F420/95,20.42,219614,7022,0,888,1311.4070000000015,-369
2717886,IJ-129,SA02696,52,5,0,2,PC,MASSA F420/95,8.678,219666,7027,0,890,1320.0850000000016,-370
2717699,IJ-129,SA02629,90,0,0,1,PC,MASSA F403/32,2.47,219756,7027,0,891,1322.5550000000017,-371
2717699,IJ-129,SA02629,965,15,0,4,PC,MASSA F403/32,9.88,220721,7042,0,895,1332.4350000000018,-372
2717699,IJ-129,SA02629,873,43,0,3,PC,MASSA F403/32,5.406000000000001,221594,7085,0,898,1337.8410000000017,-373
2718483,IJ-129,SA62777,783,66,0,5,PC,MASSA S315/10 MACARRÃO EXTR  8+/- 1mm,2.33,222377,7151,0,903,1340.1710000000016,-374
2718483,IJ-129,SA62777,860,64,0,5,PC,MASSA S315/10 MACARRÃO EXTR  8+/- 1mm,6.306,223237,7215,0,908,1346.4770000000017,-375
2718486,IJ-129,SA01945,1130,44,0,4,PC,MASSA S315/10 MACARRÃO EXTR  8+/- 1mm,9.2,224367,7259,0,912,1355.6770000000017,-376
2718486,IJ-129,SA01945,808,11,0,2,PC,MASSA S315/10 MACARRÃO EXTR  8+/- 1mm,4.6,225175,7270,0,914,1360.2770000000016,-377
2718486,IJ-129,SA01945,147,16,0,2,PC,MASSA S315/10 MACARRÃO EXTR  8+/- 1mm,4.6,225322,7286,0,916,1364.8770000000015,-378
2718017,IJ-129,SA02629,809,83,0,5,PC,MASSA F403/32,14.31,226131,7369,0,921,1379.1870000000015,-379
2718017,IJ-129,SA02629,1064,11,0,3,PC,MASSA F403/32,7.41,227195,7380,0,924,1386.5970000000016,-380
2718017,IJ-129,SA02629,1225,16,0,3,PC,MASSA F403/32,7.41,228420,7396,0,927,1394.0070000000017,-381
2719042,IJ-129,SA02991,1209,11,0,4,PC,P250/14,4.720000000000001,229629,7407,0,931,1398.7270000000017,-382
2719042,IJ-129,SA02991,1408,16,0,4,PC,P250/14,3.0,231037,7423,0,935,1401.7270000000017,-383
2719220,IJ-129,SA07169,755,7,0,3,PC,P250/14,3.83,231792,7430,0,938,1405.5570000000016,-384
2719220,IJ-129,SA07169,222,13,0,2,PC,P250/14,3.08,232014,7443,0,940,1408.6370000000015,-385
2719220,IJ-129,SA07169,1104,43,0,3,PC,P250/14,4.62,233118,7486,0,943,1413.2570000000014,-386
2719220,IJ-129,SA07169,1141,28,0,4,PC,P250/14,4.92,234259,7514,0,947,1418.1770000000015,-387
2719332,IJ-129,17884,912,8,0,4,PC,P248/40,1.7959999999999998,235171,7522,0,951,1419.9730000000015,-388
2719394,IJ-129,17199,420,14,0,2,PC,P248/40,1.196,235591,7536,0,953,1421.1690000000015,-389
2718846,IJ-129,SA01981,1177,24,0,3,PC,MASSA S315/10 MACARRÃO EXTR  8+/- 1mm,5.7299999999999995,236768,7560,0,956,1426.8990000000015,-390
2718846,IJ-129,SA01981,797,2,0,2,PC,MASSA S315/10 MACARRÃO EXTR  8+/- 1mm,3.82,237565,7562,0,958,1430.7190000000014,-391
2718846,IJ-129,SA01981,205,12,0,2,PC,MASSA S315/10 MACARRÃO EXTR  8+/- 1mm,3.82,237770,7574,0,960,1434.5390000000014,-392
2717853,IJ-129,SA07451,1124,15,0,5,PC,P250/14,3.27,238894,7589,0,965,1437.8090000000013,-393
2717853,IJ-129,SA07451,1092,24,0,3,PC,P250/14,1.02,239986,7613,0,968,1438.8290000000013,-394
2719778,IJ-129,SA05420,1023,15,0,6,PC,MASSA F420/191,13.786,241009,7628,0,974,1452.6150000000014,-395
2719806,IJ-129,SA07439,1056,49,0,3,PC,MASSA F420/191,10.152,242065,7677,0,977,1462.7670000000014,-396
2719806,IJ-129,SA07439,1254,25,0,4,PC,MASSA F420/191,13.536,243319,7702,0,981,1476.3030000000015,-397
2719806,IJ-129,SA07439,728,8,0,2,PC,MASSA F420/191,6.768,244047,7710,0,983,1483.0710000000015,-398
2719806,IJ-129,SA07439,643,11,0,2,PC,MASSA F420/191,6.768,244690,7721,0,985,1489.8390000000015,-400
2719806,IJ-129,SA07439,1058,53,0,3,PC,MASSA F420/191,10.152,245748,7774,0,988,1499.9910000000016,-401
2719806,IJ-129,SA07439,818,40,0,3,PC,MASSA F420/191,10.152,246566,7814,0,991,1510.1430000000016,-402
2719806,IJ-129,SA07439,679,46,0,3,PC,MASSA F420/191,10.152,247245,7860,0,994,1520.2950000000017,-403
2719806,IJ-129,SA07439,1288,3,0,4,PC,MASSA F420/191,13.536,248533,7863,0,998,1533.8310000000017,-404
2718305,IJ-129,SA05091,741,30,0,3,PC,MASSA F420/191,9.234,249274,7893,0,1001,1543.0650000000016,-405
2718305,IJ-129,SA05091,172,1,0,5,PC,MASSA F420/191,9.635,249446,7894,0,1006,1552.7000000000016,-406
2720814,IJ-129,SA02084,1058,12,0,3,PC,P250/14,1.44,250504,7906,0,1009,1554.1400000000017,-407
2720959,IJ-129,SA02991,773,36,0,6,PC,P250/14,5.6850000000000005,251277,7942,0,1015,1559.8250000000016,-408
2720992,IJ-129,SA07028,1240,22,0,3,PC,P250/14,2.6550000000000002,252517,7964,0,1018,1562.4800000000016,-409
2719950,IJ-129,SA02326,1250,27,0,4,PC,P250/14,3.81,253767,7991,0,1022,1566.2900000000016,-410
2721216,IJ-129,SA00421,1179,5,0,6,PC,N-142/67,4.41,254946,7996,0,1028,1570.7000000000016,-411
2721216,IJ-129,SA00421,804,28,0,2,PC,N-142/67,1.66,255750,8024,0,1030,1572.3600000000017,-412
2721216,IJ-129,SA00421,336,0,0,3,PC,N-142/67,2.4899999999999998,256086,8024,0,1033,1574.8500000000017,-413
2721306,IJ-129,SA02607,1086,44,0,5,PC,N148/18,6.470000000000001,257172,8068,0,1038,1581.3200000000018,-414
2721308,IJ-129,SA02295,982,31,0,4,PC,N148/18,5.07,258154,8099,0,1042,1586.3900000000017,-415
2721309,IJ-129,SA02699,1356,25,0,5,PC,N148/18,2.25,259510,8124,0,1047,1588.6400000000017,-416
2721552,IJ-129,SA07381,1492,18,0,4,PC,N148/18,2.125,261002,8142,0,1051,1590.7650000000017,-417
2721307,IJ-129,SA01276,1123,20,0,5,PC,N148/18,3.167,262125,8162,0,1056,1593.9320000000016,-418
2721307,IJ-129,SA01276,318,1,0,2,PC,N148/18,2.67,262443,8163,0,1058,1596.6020000000017,-419
2721605,IJ-129,SA02753,28,0,0,1,PC,N148/18,1.71,262471,8163,0,1059,1598.3120000000017,-420
2721605,IJ-129,SA02753,16,0,0,1,PC,N148/18,1.71,262487,8163,0,1060,1600.0220000000018,-421
2721711,IJ-129,SA07425,982,12,0,5,PC,N-142/67,4.01,263469,8175,0,1065,1604.0320000000017,-422
2721711,IJ-129,SA07425,472,12,0,2,PC,N-142/67,1.6,263941,8187,0,1067,1605.6320000000017,-423
2721524,IJ-129,SA17737,585,0,0,5,PC,N144/83,4.0,264526,8187,0,1072,1609.6320000000017,-424
2721868,IJ-129,SA02531,1102,0,0,5,PC,N148/18,1.53,265628,8187,0,1077,1611.1620000000016,-425
2720592,IJ-129,SA07564,152,13,0,1,PC,N148/18,0.34,265780,8200,0,1078,1611.5020000000015,-426
2720592,IJ-129,SA07564,137,4,0,2,PC,N148/18,0.68,265917,8204,0,1080,1612.1820000000016,-427
2721905,IJ-129,SA02910,1249,7,0,4,PC,N148/18,2.88,267166,8211,0,1084,1615.0620000000017,-428
2721477,IJ-129,SA05062,1155,5,0,4,PC,MASSA F420/191,6.98,268321,8216,0,1088,1622.0420000000017,-429
2722039,IJ-129,SA02629,1160,43,0,3,PC,MASSA F403/32,7.41,269481,8259,0,1091,1629.4520000000018,-430
2722039,IJ-129,SA02629,47,0,0,1,PC,MASSA F403/32,2.47,269528,8259,0,1092,1631.9220000000018,-431
2722039,IJ-129,SA02629,1220,7,0,4,PC,MASSA F403/32,9.88,270748,8266,0,1096,1641.802000000002,-432
2722039,IJ-129,SA02629,184,0,0,2,PC,MASSA F403/32,4.94,270932,8266,0,1098,1646.742000000002,-434
2722562,IJ-129,17880,1094,21,0,4,PC,MASSA F420/95,4.69,272026,8287,0,1102,1651.432000000002,-435
2722565,IJ-129,SA07170,1245,18,0,4,PC,N148/18,1.97,273271,8305,0,1106,1653.402000000002,-436
2722565,IJ-129,SA07170,1120,6,0,4,PC,N148/18,3.26,274391,8311,0,1110,1656.662000000002,-437
2723337,IJ-129,SA07381,1247,28,0,4,PC,N148/18,2.8850000000000002,275638,8339,0,1114,1659.547000000002,-438
2723337,IJ-129,SA07381,1384,3,0,3,PC,N148/18,1.665,277022,8342,0,1117,1661.212000000002,-439
2723337,IJ-129,SA07381,234,0,0,3,PC,N148/18,1.665,277256,8342,0,1120,1662.877000000002,-441
2722568,IJ-129,SA07169,1028,11,0,5,PC,P250/14,5.33,278284,8353,0,1125,1668.207000000002,-442
2723664,IJ-129,SA02991,1279,6,0,3,PC,P250/14,2.25,279563,8359,0,1128,1670.457000000002,-443
2723192,IJ-129,SA05414,333,0,0,3,PC,F424/40 MARROM,24.660000000000004,279896,8359,0,1131,1695.117000000002,-444
2723720,IJ-129,SA00421,453,0,0,4,PC,N-142/67,3.8970000000000002,280349,8359,0,1135,1699.014000000002,-445
2723919,IJ-129,SA07425,1165,2,0,5,PC,N-142/67,4.0600000000000005,281514,8361,0,1140,1703.074000000002,-446
2723919,IJ-129,SA07425,501,0,0,2,PC,N-142/67,1.6,282015,8361,0,1142,1704.6740000000018,-447
2723919,IJ-129,SA07425,27,0,0,3,PC,N-142/67,2.3850000000000002,282042,8361,0,1145,1707.0590000000018,-448
2723919,IJ-129,SA07425,1227,8,0,3,PC,N-142/67,2.4000000000000004,283269,8369,0,1148,1709.4590000000019,-449
2724003,IJ-129,17199,1008,19,0,5,PC,P248/40,2.5460000000000003,284277,8388,0,1153,1712.005000000002,-450
2723921,IJ-129,SA02026,1228,6,0,4,PC,N148/18,3.63,285505,8394,0,1157,1715.635000000002,-451
2724084,IJ-129,SA02483,805,11,0,4,PC,N148/18,6.648,286310,8405,0,1161,1722.283000000002,-452
2724084,IJ-129,SA02483,1075,27,0,4,PC,N148/18,4.176,287385,8432,0,1165,1726.4590000000019,-453
2724084,IJ-129,SA02483,711,11,0,2,PC,N148/18,2.088,288096,8443,0,1167,1728.5470000000018,-454
2724084,IJ-129,SA02483,130,1,0,1,PC,N148/18,1.044,288226,8444,0,1168,1729.591000000002,-456
2724273,IJ-129,SA07381,1070,11,0,5,PC,N148/18,3.9130000000000003,289296,8455,0,1173,1733.504000000002,-457
2724296,IJ-129,SA05269,1000,22,0,3,PC,MASSA F403/32,1.104,290296,8477,0,1176,1734.608000000002,-458
2724296,IJ-129,SA05269,815,36,0,4,PC,MASSA F403/32,3.068,291111,8513,0,1180,1737.676000000002,-459
2724419,IJ-129,SA07880,1048,29,0,6,PC,MASSA F403/32,5.640000000000001,292159,8542,0,1186,1743.316000000002,-460
2724512,IJ-129,SA07032,514,0,0,2,PC,N146/9,1.68,292673,8542,0,1188,1744.9960000000021,-461
2724512,IJ-129,SA07032,163,0,0,4,PC,N146/9,3.84,292836,8542,0,1192,1748.836000000002,-462
2724004,IJ-129,SA02556,800,117,0,3,PC,MASSA F420/95,3.96,293636,8659,0,1195,1752.796000000002,-463
2724004,IJ-129,SA02556,1063,66,0,3,PC,MASSA F420/95,3.96,294699,8725,0,1198,1756.7560000000021,-464
2724004,IJ-129,SA02556,1151,35,0,3,PC,MASSA F420/95,3.96,295850,8760,0,1201,1760.7160000000022,-465
2724004,IJ-129,SA02556,1105,83,0,4,PC,MASSA F420/95,6.45,296955,8843,0,1205,1767.1660000000022,-466
2725477,IJ-129,SA00421,1010,46,0,6,PC,N-142/67,6.74,297965,8889,0,1211,1773.9060000000022,-467
2724393,IJ-129,SA02604,199,0,0,2,PC,F424/40 MARROM,6.474,298164,8889,0,1213,1780.3800000000022,-469
2724393,IJ-129,SA02604,774,41,0,4,PC,F424/40 MARROM,16.214,298938,8930,0,1217,1796.594000000002,-470
2724503,IJ-129,SA02697,510,38,0,2,PC,F424/40 MARROM,9.74,299448,8968,0,1219,1806.334000000002,-471
2724504,IJ-129,SA05414,517,60,0,3,PC,F424/40 MARROM,21.310000000000002,299965,9028,0,1222,1827.644000000002,-472
2725861,IJ-129,SA02813,1115,25,0,4,PC,N-142/67,10.203,301080,9053,0,1226,1837.847000000002,-473
2725926,IJ-129,SA12139,1115,15,0,5,PC,N148/18,2.17,302195,9068,0,1231,1840.017000000002,-474
2725794,IJ-129,SA02531,234,0,0,4,PC,N148/18,2.4899999999999998,302429,9068,0,1235,1842.507000000002,-476
2725928,IJ-129,SA02209,775,53,0,4,PC,N148/18,5.24,303204,9121,0,1239,1847.7470000000021,-477
2725993,IJ-129,SA02629,944,38,0,5,PC,MASSA F403/32,8.577,304148,9159,0,1244,1856.3240000000021,-478
2725993,IJ-129,SA02629,1022,34,0,4,PC,MASSA F403/32,8.247,305170,9193,0,1248,1864.5710000000022,-479
2725993,IJ-129,SA02629,743,18,0,3,PC,MASSA F403/32,7.41,305913,9211,0,1251,1871.9810000000023,-480
2725993,IJ-129,SA02629,970,46,0,4,PC,MASSA F403/32,6.622000000000001,306883,9257,0,1255,1878.6030000000023,-481
2726132,IJ-129,SA05537,216,3,0,2,PC,MASSA F403/32,1.682,307099,9260,0,1257,1880.2850000000024,-483
2726132,IJ-129,SA05537,1103,16,0,3,PC,MASSA F403/32,2.5229999999999997,308202,9276,0,1260,1882.8080000000023,-484
2726132,IJ-129,SA05537,1154,19,0,3,PC,MASSA F403/32,2.5229999999999997,309356,9295,0,1263,1885.3310000000022,-485
2726132,IJ-129,SA05537,953,30,0,3,PC,MASSA F403/32,6.021000000000001,310309,9325,0,1266,1891.3520000000021,-486
2726416,IJ-129,SA02696,388,31,0,3,PC,MASSA F420/95,13.017000000000001,310697,9356,0,1269,1904.3690000000022,-487
2726338,IJ-129,SA07439,238,4,0,5,PC,MASSA F420/191,17.875,310935,9360,0,1274,1922.2440000000022,-488
2726338,IJ-129,SA07439,232,7,0,2,PC,MASSA F420/191,6.768,311167,9367,0,1276,1929.0120000000022,-490
2726338,IJ-129,SA07439,499,11,0,3,PC,MASSA F420/191,10.152,311666,9378,0,1279,1939.1640000000023,-491
2726338,IJ-129,SA07439,1146,4,0,4,PC,MASSA F420/191,12.452,312812,9382,0,1283,1951.6160000000023,-492
2726592,IJ-129,SA01945,1114,24,0,4,PC,MASSA S315/10 MACARRÃO EXTR  8+/- 1mm,8.2,313926,9406,0,1287,1959.8160000000023,-493
2727064,IJ-129,SA01810,1199,17,0,3,PC,MASSA S315/10 MACARRÃO EXTR  8+/- 1mm,3.9000000000000004,315125,9423,0,1290,1963.7160000000024,-494
2726351,IJ-129,SA05269,936,18,0,4,PC,MASSA F403/32,1.472,316061,9441,0,1294,1965.1880000000024,-495
2726351,IJ-129,SA05269,61,0,0,2,PC,MASSA F403/32,0.736,316122,9441,0,1296,1965.9240000000025,-496
2726351,IJ-129,SA05269,203,0,0,3,PC,MASSA F403/32,1.6360000000000001,316325,9441,0,1299,1967.5600000000024,-497
2727344,IJ-129,SA05198,988,39,0,3,PC,MASSA F420/95,2.7,317313,9480,0,1302,1970.2600000000025,-498
2727344,IJ-129,SA05198,757,39,0,4,PC,MASSA F420/95,8.31,318070,9519,0,1306,1978.5700000000024,-499
2727437,IJ-129,SA02629,735,18,0,3,PC,MASSA F403/32,7.41,318805,9537,0,1309,1985.9800000000025,-500
2727437,IJ-129,SA02629,1270,19,0,3,PC,MASSA F403/32,7.41,320075,9556,0,1312,1993.3900000000026,-501
2727437,IJ-129,SA02629,821,7,0,4,PC,MASSA F403/32,11.708,320896,9563,0,1316,2005.0980000000027,-502
2726338,IJ-129,SA07439,238,7,0,3,PC,MASSA F420/191,10.152,321134,9570,0,1319,2015.2500000000027,-504
2726338,IJ-129,SA07439,330,25,0,4,PC,MASSA F420/191,13.536,321464,9595,0,1323,2028.7860000000028,-505
2726338,IJ-129,SA07439,570,54,0,4,PC,MASSA F420/191,13.536,322034,9649,0,1327,2042.3220000000028,-506
2726338,IJ-129,SA07439,818,45,0,3,PC,MASSA F420/191,10.152,322852,9694,0,1330,2052.474000000003,-507
2726338,IJ-129,SA07439,955,39,0,3,PC,MASSA F420/191,10.152,323807,9733,0,1333,2062.626000000003,-508
2726338,IJ-129,SA07439,1166,26,0,4,PC,MASSA F420/191,13.536,324973,9759,0,1337,2076.162000000003,-509
2726338,IJ-129,SA07439,362,8,0,1,PC,MASSA F420/191,3.384,325335,9767,0,1338,2079.546000000003,-510
2726338,IJ-129,SA07439,179,11,0,2,PC,MASSA F420/191,6.768,325514,9778,0,1340,2086.314000000003,-511
2727437,IJ-129,SA02629,805,8,0,4,PC,MASSA F403/32,12.622,326319,9786,0,1344,2098.936000000003,-512
2727437,IJ-129,SA02629,1227,7,0,3,PC,MASSA F403/32,7.41,327546,9793,0,1347,2106.3460000000027,-513
2727437,IJ-129,SA02629,876,0,0,3,PC,MASSA F403/32,7.41,328422,9793,0,1350,2113.7560000000026,-514
2727437,IJ-129,SA02629,1164,18,0,3,PC,MASSA F403/32,7.41,329586,9811,0,1353,2121.1660000000024,-515
2727437,IJ-129,SA02629,413,18,0,4,PC,MASSA F403/32,7.09,329999,9829,0,1357,2128.2560000000026,-516
2727772,IJ-129,SA07169,293,0,0,1,PC,P250/14,1.54,330292,9829,0,1358,2129.7960000000026,-517
2727772,IJ-129,SA07169,237,23,0,2,PC,P250/14,3.08,330529,9852,0,1360,2132.8760000000025,-518
2727772,IJ-129,SA07169,1062,20,0,3,PC,P250/14,4.62,331591,9872,0,1363,2137.4960000000024,-519
2727772,IJ-129,SA07169,828,32,0,3,PC,P250/14,4.62,332419,9904,0,1366,2142.1160000000023,-520
2728480,IJ-129,SA02451,1016,32,0,4,PC,N148/18,3.68,333435,9936,0,1370,2145.796000000002,-521
2728694,IJ-129,SA07425,1136,41,0,5,PC,N-142/67,2.16,334571,9977,0,1375,2147.956000000002,-522
2728572,IJ-129,SA07451,1122,31,0,4,PC,P250/14,1.36,335693,10008,0,1379,2149.316000000002,-523
2728572,IJ-129,SA07451,791,6,0,2,PC,P250/14,0.68,336484,10014,0,1381,2149.996000000002,-524
2728572,IJ-129,SA07451,228,19,0,2,PC,P250/14,0.68,336712,10033,0,1383,2150.6760000000017,-525
2728572,IJ-129,SA07451,1154,27,0,3,PC,P250/14,1.02,337866,10060,0,1386,2151.6960000000017,-526
2728572,IJ-129,SA07451,1173,4,0,3,PC,P250/14,1.02,339039,10064,0,1389,2152.7160000000017,-527
2728572,IJ-129,SA07451,1232,18,0,3,PC,P250/14,1.02,340271,10082,0,1392,2153.7360000000017,-528
2728572,IJ-129,SA07451,1159,27,0,3,PC,P250/14,1.02,341430,10109,0,1395,2154.7560000000017,-529
2728572,IJ-129,SA07451,1136,13,0,4,PC,P250/14,1.36,342566,10122,0,1399,2156.116000000002,-530
2728572,IJ-129,SA07451,387,0,0,1,PC,P250/14,0.34,342953,10122,0,1400,2156.456000000002,-531
2728572,IJ-129,SA07451,219,14,0,2,PC,P250/14,0.68,343172,10136,0,1402,2157.136000000002,-532
2728572,IJ-129,SA07451,1118,10,0,3,PC,P250/14,1.02,344290,10146,0,1405,2158.1560000000018,-533
2728572,IJ-129,SA07451,811,23,0,4,PC,P250/14,2.995,345101,10169,0,1409,2161.1510000000017,-534
2729817,IJ-129,SA07028,717,14,0,3,PC,P250/14,2.6550000000000002,345818,10183,0,1412,2163.806000000002,-535
2730010,IJ-129,17880,742,39,0,5,PC,MASSA F420/95,4.1850000000000005,346560,10222,0,1417,2167.991000000002,-536
2730010,IJ-129,17880,797,17,0,5,PC,MASSA F420/95,4.82,347357,10239,0,1422,2172.811000000002,-537
2730107,IJ-129,SA02853,629,0,0,3,PC,MASSA F420/191,4.62,347986,10239,0,1425,2177.431000000002,-538
2730107,IJ-129,SA02853,211,6,0,2,PC,MASSA F420/191,3.6,348197,10245,0,1427,2181.0310000000018,-539
2730162,IJ-129,SA02529,675,19,0,4,PC,F424/40 MARROM,6.021,348872,10264,0,1431,2187.052000000002,-540
2730162,IJ-129,SA02529,634,43,0,3,PC,F424/40 MARROM,4.221,349506,10307,0,1434,2191.273000000002,-541
2730250,IJ-129,SA05091,529,23,0,4,PC,MASSA F420/191,10.181999999999999,350035,10330,0,1438,2201.4550000000017,-542
2729681,IJ-129,12973,393,24,0,4,PC,MASSA F420/134,11.649999999999999,350428,10354,0,1442,2213.105000000002,-543
2730251,IJ-129,SA05537,642,13,0,4,PC,MASSA F403/32,7.481999999999999,351070,10367,0,1446,2220.587000000002,-544
2730251,IJ-129,SA05537,275,9,0,2,PC,MASSA F403/32,1.682,351345,10376,0,1448,2222.2690000000016,-546
2730251,IJ-129,SA05537,996,9,0,3,PC,MASSA F403/32,2.5229999999999997,352341,10385,0,1451,2224.7920000000017,-547
2730581,IJ-129,SA05198,923,14,0,4,PC,MASSA F420/95,3.541,353264,10399,0,1455,2228.333000000002,-548
2730666,IJ-129,SA07281,1029,34,0,4,PC,N148/18,13.110000000000001,354293,10433,0,1459,2241.443000000002,-549
2730666,IJ-129,SA07281,1048,24,0,4,PC,N148/18,9.14,355341,10457,0,1463,2250.583000000002,-550
2730665,IJ-129,SA02305,1030,37,0,4,PC,N148/18,3.51,356371,10494,0,1467,2254.093000000002,-551
2730854,IJ-129,SA02607,367,14,0,1,PC,N148/18,1.85,356738,10508,0,1468,2255.943000000002,-552
2730854,IJ-129,SA02607,169,5,0,5,PC,N148/18,7.23,356907,10513,0,1473,2263.173000000002,-553
2730855,IJ-129,SA07032,1084,37,0,3,PC,N146/9,2.52,357991,10550,0,1476,2265.693000000002,-554
2731326,IJ-129,SA02529,821,36,0,3,PC,F424/40 MARROM,3.654,358812,10586,0,1479,2269.347000000002,-555
2731326,IJ-129,SA02529,849,68,0,3,PC,F424/40 MARROM,4.221,359661,10654,0,1482,2273.568000000002,-556
2731326,IJ-129,SA02529,995,24,0,3,PC,F424/40 MARROM,4.221,360656,10678,0,1485,2277.789000000002,-557
2731326,IJ-129,SA02529,1128,8,0,3,PC,F424/40 MARROM,4.221,361784,10686,0,1488,2282.010000000002,-558
2731326,IJ-129,SA02529,139,0,0,2,PC,F424/40 MARROM,2.814,361923,10686,0,1490,2284.824000000002,-560
2731326,IJ-129,SA02529,822,4,0,3,PC,F424/40 MARROM,4.221,362745,10690,0,1493,2289.045000000002,-561
2731326,IJ-129,SA02529,835,39,0,3,PC,F424/40 MARROM,4.221,363580,10729,0,1496,2293.266000000002,-562
2731326,IJ-129,SA02529,824,74,0,3,PC,F424/40 MARROM,4.221,364404,10803,0,1499,2297.487000000002,-563
2731326,IJ-129,SA02529,1020,21,0,4,PC,F424/40 MARROM,5.628,365424,10824,0,1503,2303.115000000002,-564
2731326,IJ-129,SA02529,762,28,0,3,PC,F424/40 MARROM,11.147,366186,10852,0,1506,2314.262000000002,-565
2731917,IJ-129,SA07439,171,20,0,2,PC,MASSA F420/191,6.768,366357,10872,0,1508,2321.030000000002,-567
2731917,IJ-129,SA07439,551,48,0,3,PC,MASSA F420/191,10.152,366908,10920,0,1511,2331.182000000002,-568
2731917,IJ-129,SA07439,694,82,0,3,PC,MASSA F420/191,10.152,367602,11002,0,1514,2341.334000000002,-569
2731917,IJ-129,SA07439,626,24,0,4,PC,MASSA F420/191,7.448,368228,11026,0,1518,2348.782000000002,-570
2732449,IJ-129,SA07451,1047,47,0,3,PC,P250/14,1.02,369275,11073,0,1521,2349.802000000002,-571
2731917,IJ-129,SA07439,880,20,0,4,PC,MASSA F420/191,7.4479999999999995,370155,11093,0,1525,2357.250000000002,-572
2731917,IJ-129,SA07439,544,0,0,2,PC,MASSA F420/191,6.768,370699,11093,0,1527,2364.018000000002,-573
2731917,IJ-129,SA07439,219,22,0,1,PC,MASSA F420/191,3.384,370918,11115,0,1528,2367.402000000002,-574
2731917,IJ-129,SA07439,722,91,0,3,PC,MASSA F420/191,10.152,371640,11206,0,1531,2377.554000000002,-575
2731917,IJ-129,SA07439,748,64,0,3,PC,MASSA F420/191,10.152,372388,11270,0,1534,2387.706000000002,-576
2731917,IJ-129,SA07439,454,54,0,3,PC,MASSA F420/191,11.708,372842,11324,0,1537,2399.414000000002,-577
2732703,IJ-129,SA02069,852,61,0,3,PC,MASSA S315/10 MACARRÃO EXTR  8+/- 1mm,14.82,373694,11385,0,1540,2414.234000000002,-578
2732766,IJ-129,SA01810,740,27,0,4,PC,MASSA S315/10 MACARRÃO EXTR  8+/- 1mm,12.48,374434,11412,0,1544,2426.714000000002,-579
2732766,IJ-129,SA01810,219,5,0,2,PC,MASSA S315/10 MACARRÃO EXTR  8+/- 1mm,2.6,374653,11417,0,1546,2429.314000000002,-581
2732766,IJ-129,SA01810,909,47,0,3,PC,MASSA S315/10 MACARRÃO EXTR  8+/- 1mm,7.540000000000001,375562,11464,0,1549,2436.854000000002,-582
2732703,IJ-129,SA02069,205,60,0,2,PC,MASSA S315/10 MACARRÃO EXTR  8+/- 1mm,9.88,375767,11524,0,1551,2446.734000000002,-583
2732703,IJ-129,SA02069,689,29,0,5,PC,MASSA S315/10 MACARRÃO EXTR  8+/- 1mm,12.046000000000001,376456,11553,0,1556,2458.780000000002,-584
2732611,IJ-129,SA02629,547,7,0,4,PC,MASSA F403/32,3.5740000000000003,377003,11560,0,1560,2462.354000000002,-585
2733529,IJ-129,SA05269,1595,40,0,3,PC,MASSA F403/32,1.104,378598,11600,0,1563,2463.458000000002,-586
2733529,IJ-129,SA05269,136,10,0,3,PC,MASSA F403/32,1.104,378734,11610,0,1566,2464.5620000000017,-588
2733529,IJ-129,SA05269,958,8,0,6,PC,MASSA F403/32,4.343,379692,11618,0,1572,2468.9050000000016,-589
2733849,IJ-129,SA07564,1151,5,0,4,PC,N148/18,2.0050000000000003,380843,11623,0,1576,2470.9100000000017,-590
2733849,IJ-129,SA07564,861,35,0,3,PC,N148/18,1.02,381704,11658,0,1579,2471.9300000000017,-591
2733849,IJ-129,SA07564,953,11,0,5,PC,N148/18,3.02,382657,11669,0,1584,2474.9500000000016,-592
2734075,IJ-129,SA07451,1069,29,0,4,PC,P250/14,2.3000000000000003,383726,11698,0,1588,2477.250000000002,-593
2734075,IJ-129,SA07451,698,3,0,2,PC,P250/14,0.68,384424,11701,0,1590,2477.9300000000017,-594
2734075,IJ-129,SA07451,295,12,0,3,PC,P250/14,1.02,384719,11713,0,1593,2478.9500000000016,-595
2734161,IJ-129,SA05269,935,24,0,5,PC,MASSA F403/32,1.784,385654,11737,0,1598,2480.7340000000017,-596
2734161,IJ-129,SA05269,1146,17,0,3,PC,MASSA F403/32,1.104,386800,11754,0,1601,2481.8380000000016,-597
2734339,IJ-129,SA01911,995,29,0,5,PC,MASSA F420/95,3.958,387795,11783,0,1606,2485.7960000000016,-598
2734339,IJ-129,SA01911,1169,29,0,3,PC,MASSA F420/95,3.2220000000000004,388964,11812,0,1609,2489.018000000002,-599
2734339,IJ-129,SA01911,699,16,0,4,PC,MASSA F420/95,3.9480000000000004,389663,11828,0,1613,2492.9660000000017,-600
2734513,IJ-129,SA05198,185,8,0,2,PC,MASSA F420/95,1.8,389848,11836,0,1615,2494.766000000002,-602
2734513,IJ-129,SA05198,744,40,0,3,PC,MASSA F420/95,2.7,390592,11876,0,1618,2497.4660000000017,-603
2734030,IJ-129,SA05537,715,0,0,4,PC,MASSA F403/32,3.423,391307,11876,0,1622,2500.8890000000015,-604
2734030,IJ-129,SA05537,3,0,0,1,PC,MASSA F403/32,0.841,391310,11876,0,1623,2501.7300000000014,-605
2734737,IJ-129,SA02529,853,32,0,5,PC,F424/40 MARROM,7.189,392163,11908,0,1628,2508.9190000000012,-606
2734737,IJ-129,SA02529,600,3,0,4,PC,F424/40 MARROM,16.017,392763,11911,0,1632,2524.936000000001,-607
2734737,IJ-129,SA02529,156,0,0,3,PC,F424/40 MARROM,4.221,392919,11911,0,1635,2529.157000000001,-609
2734811,IJ-129,SA07599,923,20,0,4,PC,F424/40 MARROM,4.671,393842,11931,0,1639,2533.828000000001,-610
2734951,IJ-129,SA07476,1022,12,0,4,PC,MASSA F420/95,4.476,394864,11943,0,1643,2538.304000000001,-611
2733624,IJ-129,SA05420,1124,19,0,5,PC,MASSA F420/191,11.862,395988,11962,0,1648,2550.166000000001,-612
2735013,IJ-129,SA02629,1257,5,0,3,PC,MASSA F403/32,7.41,397245,11967,0,1651,2557.576000000001,-613
2735013,IJ-129,SA02629,834,26,0,5,PC,MASSA F403/32,7.16,398079,11993,0,1656,2564.736000000001,-614
